ISO-10303-21;
HEADER;
FILE_DESCRIPTION (( 'STEP AP214' ),
    '1' );
FILE_NAME ('BottomPlate_Left.STEP',
    '2025-08-08T18:16:44',
    ( '' ),
    ( '' ),
    'SwSTEP 2.0',
    'SolidWorks 2024',
    '' );
FILE_SCHEMA (( 'AUTOMOTIVE_DESIGN' ));
ENDSEC;

DATA;
#1 = DIRECTION ( 'NONE',  ( 0.000000000000000000, 0.000000000000000000, -1.000000000000000000 ) ) ;
#2 = ORIENTED_EDGE ( 'NONE', *, *, #2490, .T. ) ;
#3 = EDGE_CURVE ( 'NONE', #1591, #1603, #667, .T. ) ;
#4 = AXIS2_PLACEMENT_3D ( 'NONE', #518, #1917, #1355 ) ;
#5 = ORIENTED_EDGE ( 'NONE', *, *, #2401, .T. ) ;
#6 = PLANE ( 'NONE',  #1221 ) ;
#7 = ORIENTED_EDGE ( 'NONE', *, *, #1153, .T. ) ;
#8 = CARTESIAN_POINT ( 'NONE',  ( -108.2211380371834224, -18.97595842767810836, 1.499999999999999556 ) ) ;
#9 = DIRECTION ( 'NONE',  ( -0.000000000000000000, -0.000000000000000000, -1.000000000000000000 ) ) ;
#10 = VECTOR ( 'NONE', #1782, 1000.000000000000000 ) ;
#11 = ORIENTED_EDGE ( 'NONE', *, *, #1842, .T. ) ;
#12 = FACE_OUTER_BOUND ( 'NONE', #2198, .T. ) ;
#13 = CYLINDRICAL_SURFACE ( 'NONE', #1974, 4.150000000000001243 ) ;
#14 = EDGE_CURVE ( 'NONE', #1441, #2379, #772, .T. ) ;
#15 = CIRCLE ( 'NONE', #1476, 1.499999999999999556 ) ;
#16 = DIRECTION ( 'NONE',  ( 0.000000000000000000, 0.000000000000000000, -1.000000000000000000 ) ) ;
#17 = VERTEX_POINT ( 'NONE', #2148 ) ;
#18 = ORIENTED_EDGE ( 'NONE', *, *, #163, .T. ) ;
#19 = EDGE_CURVE ( 'NONE', #2132, #60, #2170, .T. ) ;
#20 = ORIENTED_EDGE ( 'NONE', *, *, #2087, .F. ) ;
#21 = CARTESIAN_POINT ( 'NONE',  ( -126.5211380371834622, 51.25614557232186996, 10.00000000000000000 ) ) ;
#22 = DIRECTION ( 'NONE',  ( 0.000000000000000000, 0.000000000000000000, -1.000000000000000000 ) ) ;
#23 = ORIENTED_EDGE ( 'NONE', *, *, #907, .F. ) ;
#24 = LINE ( 'NONE', #610, #959 ) ;
#25 = LINE ( 'NONE', #1202, #2436 ) ;
#26 = ADVANCED_FACE ( 'NONE', ( #1569 ), #1924, .F. ) ;
#27 = DIRECTION ( 'NONE',  ( -1.000000000000000000, 0.000000000000000000, 0.000000000000000000 ) ) ;
#28 = ORIENTED_EDGE ( 'NONE', *, *, #2548, .F. ) ;
#29 = ORIENTED_EDGE ( 'NONE', *, *, #384, .F. ) ;
#30 = ORIENTED_EDGE ( 'NONE', *, *, #34, .T. ) ;
#31 = CARTESIAN_POINT ( 'NONE',  ( -48.82113803718340961, -28.75990642767811067, 0.000000000000000000 ) ) ;
#32 = CARTESIAN_POINT ( 'NONE',  ( -124.3211380371834593, 51.25614557232186996, 0.000000000000000000 ) ) ;
#33 = CARTESIAN_POINT ( 'NONE',  ( 12.77885684433416280, 61.89009357232188080, 1.500000000000000000 ) ) ;
#34 = EDGE_CURVE ( 'NONE', #2509, #1836, #1741, .T. ) ;
#35 = EDGE_CURVE ( 'NONE', #2397, #338, #1049, .T. ) ;
#36 = ORIENTED_EDGE ( 'NONE', *, *, #2333, .F. ) ;
#37 = DIRECTION ( 'NONE',  ( -0.8660254037844385966, 0.5000000000000001110, -0.000000000000000000 ) ) ;
#38 = DIRECTION ( 'NONE',  ( -0.000000000000000000, -0.000000000000000000, -1.000000000000000000 ) ) ;
#39 = CARTESIAN_POINT ( 'NONE',  ( -121.9751964911650646, -42.76396488165973153, 1.500000000000000000 ) ) ;
#40 = ORIENTED_EDGE ( 'NONE', *, *, #737, .F. ) ;
#41 = AXIS2_PLACEMENT_3D ( 'NONE', #1360, #1143, #533 ) ;
#42 = ORIENTED_EDGE ( 'NONE', *, *, #1919, .F. ) ;
#43 = AXIS2_PLACEMENT_3D ( 'NONE', #1780, #189, #2580 ) ;
#44 = ORIENTED_EDGE ( 'NONE', *, *, #1986, .T. ) ;
#45 = VECTOR ( 'NONE', #1085, 1000.000000000000114 ) ;
#46 = CARTESIAN_POINT ( 'NONE',  ( 20.77886196281656694, -73.25990642767810357, 0.000000000000000000 ) ) ;
#47 = CARTESIAN_POINT ( 'NONE',  ( 23.97886196281656623, -73.25990642767810357, 1.199999999999997957 ) ) ;
#48 = DIRECTION ( 'NONE',  ( 0.000000000000000000, 0.000000000000000000, -1.000000000000000000 ) ) ;
#49 = AXIS2_PLACEMENT_3D ( 'NONE', #2501, #1341, #936 ) ;
#50 = VECTOR ( 'NONE', #1798, 1000.000000000000000 ) ;
#51 = ORIENTED_EDGE ( 'NONE', *, *, #606, .F. ) ;
#52 = CARTESIAN_POINT ( 'NONE',  ( -51.02113803718341956, 27.22404157232187316, 0.000000000000000000 ) ) ;
#53 = DIRECTION ( 'NONE',  ( -1.000000000000000000, 9.251858538542962756E-15, 0.000000000000000000 ) ) ;
#54 = ADVANCED_FACE ( 'NONE', ( #1371 ), #953, .T. ) ;
#55 = AXIS2_PLACEMENT_3D ( 'NONE', #1948, #2542, #1358 ) ;
#56 = VECTOR ( 'NONE', #2321, 1000.000000000000000 ) ;
#57 = CARTESIAN_POINT ( 'NONE',  ( 34.74491396281656819, -52.25990642767809646, 1.200000000000001510 ) ) ;
#58 = CARTESIAN_POINT ( 'NONE',  ( 11.27885684433416102, 63.39009357232188080, 0.000000000000000000 ) ) ;
#59 = ORIENTED_EDGE ( 'NONE', *, *, #2400, .F. ) ;
#60 = VERTEX_POINT ( 'NONE', #932 ) ;
#61 = ORIENTED_EDGE ( 'NONE', *, *, #2287, .T. ) ;
#62 = EDGE_CURVE ( 'NONE', #1392, #708, #121, .T. ) ;
#63 = DIRECTION ( 'NONE',  ( -0.7071067811865479058, 0.000000000000000000, -0.7071067811865472397 ) ) ;
#64 = DIRECTION ( 'NONE',  ( -0.000000000000000000, -0.000000000000000000, -1.000000000000000000 ) ) ;
#65 = CYLINDRICAL_SURFACE ( 'NONE', #839, 1.000000000000000888 ) ;
#66 = ORIENTED_EDGE ( 'NONE', *, *, #1951, .F. ) ;
#67 = DIRECTION ( 'NONE',  ( -0.000000000000000000, -0.000000000000000000, -1.000000000000000000 ) ) ;
#68 = FACE_OUTER_BOUND ( 'NONE', #2167, .T. ) ;
#69 = EDGE_CURVE ( 'NONE', #2199, #1532, #1001, .T. ) ;
#70 = DIRECTION ( 'NONE',  ( -1.000000000000000000, 0.000000000000000000, 0.000000000000000000 ) ) ;
#71 = FACE_OUTER_BOUND ( 'NONE', #824, .T. ) ;
#72 = ORIENTED_EDGE ( 'NONE', *, *, #1336, .F. ) ;
#73 = EDGE_LOOP ( 'NONE', ( #614, #420, #1833, #784 ) ) ;
#74 = ORIENTED_EDGE ( 'NONE', *, *, #960, .T. ) ;
#75 = CARTESIAN_POINT ( 'NONE',  ( 47.40574405703641503, -50.48971478099267074, 0.000000000000000000 ) ) ;
#76 = LINE ( 'NONE', #677, #1895 ) ;
#77 = ORIENTED_EDGE ( 'NONE', *, *, #1938, .F. ) ;
#78 = DIRECTION ( 'NONE',  ( -0.000000000000000000, -0.000000000000000000, -1.000000000000000000 ) ) ;
#79 = DIRECTION ( 'NONE',  ( 1.000000000000000000, 0.000000000000000000, 0.000000000000000000 ) ) ;
#80 = FACE_OUTER_BOUND ( 'NONE', #1250, .T. ) ;
#81 = CARTESIAN_POINT ( 'NONE',  ( -21.72473353633744964, -58.88370935134737749, 1.500000000000000000 ) ) ;
#82 = ORIENTED_EDGE ( 'NONE', *, *, #2530, .T. ) ;
#83 = EDGE_CURVE ( 'NONE', #1187, #1967, #1375, .T. ) ;
#84 = ORIENTED_EDGE ( 'NONE', *, *, #206, .F. ) ;
#85 = ADVANCED_FACE ( 'NONE', ( #2120 ), #1733, .T. ) ;
#86 = LINE ( 'NONE', #31, #2264 ) ;
#87 = DIRECTION ( 'NONE',  ( -0.000000000000000000, -0.000000000000000000, -1.000000000000000000 ) ) ;
#88 = CARTESIAN_POINT ( 'NONE',  ( 10.10053276339293760, -51.40770792073848838, 1.000000000000000000 ) ) ;
#89 = ORIENTED_EDGE ( 'NONE', *, *, #1938, .T. ) ;
#90 = CIRCLE ( 'NONE', #2339, 1.000000000000000888 ) ;
#91 = DIRECTION ( 'NONE',  ( -1.000000000000000000, 0.000000000000000000, 0.000000000000000000 ) ) ;
#92 = CARTESIAN_POINT ( 'NONE',  ( 45.35670595135976413, -51.03875288666932875, 1.500000000000000000 ) ) ;
#93 = ADVANCED_FACE ( 'NONE', ( #1610 ), #820, .T. ) ;
#94 = PLANE ( 'NONE',  #1583 ) ;
#95 = PLANE ( 'NONE',  #168 ) ;
#96 = AXIS2_PLACEMENT_3D ( 'NONE', #579, #1189, #1380 ) ;
#97 = VERTEX_POINT ( 'NONE', #193 ) ;
#98 = ORIENTED_EDGE ( 'NONE', *, *, #742, .F. ) ;
#99 = VECTOR ( 'NONE', #450, 1000.000000000000000 ) ;
#100 = EDGE_CURVE ( 'NONE', #942, #773, #2407, .T. ) ;
#101 = DIRECTION ( 'NONE',  ( -0.7071067811865479058, 0.000000000000000000, -0.7071067811865472397 ) ) ;
#102 = DIRECTION ( 'NONE',  ( 0.000000000000000000, 0.000000000000000000, 1.000000000000000000 ) ) ;
#103 = DIRECTION ( 'NONE',  ( -0.000000000000000000, -0.000000000000000000, 1.000000000000000000 ) ) ;
#104 = DIRECTION ( 'NONE',  ( -1.000000000000000000, 0.000000000000000000, 0.000000000000000000 ) ) ;
#105 = DIRECTION ( 'NONE',  ( 0.000000000000000000, 0.000000000000000000, -1.000000000000000000 ) ) ;
#106 = DIRECTION ( 'NONE',  ( 1.000000000000000000, 0.000000000000000000, 0.000000000000000000 ) ) ;
#107 = EDGE_CURVE ( 'NONE', #117, #446, #181, .T. ) ;
#108 = ORIENTED_EDGE ( 'NONE', *, *, #1567, .F. ) ;
#109 = ORIENTED_EDGE ( 'NONE', *, *, #1614, .F. ) ;
#110 = CYLINDRICAL_SURFACE ( 'NONE', #256, 1.000000000000000888 ) ;
#111 = CARTESIAN_POINT ( 'NONE',  ( 27.75135478318942717, -84.53211559503243677, 1.500000000000000000 ) ) ;
#112 = DIRECTION ( 'NONE',  ( -1.000000000000000000, 0.000000000000000000, 0.000000000000000000 ) ) ;
#113 = CARTESIAN_POINT ( 'NONE',  ( 14.25053276339293973, -51.40770792073848838, 2.500000000000000000 ) ) ;
#114 = EDGE_CURVE ( 'NONE', #1532, #1187, #2583, .T. ) ;
#115 = DIRECTION ( 'NONE',  ( 0.7071067811865479058, 8.659560562354937789E-17, -0.7071067811865472397 ) ) ;
#116 = DIRECTION ( 'NONE',  ( -1.000000000000000000, 0.000000000000000000, 0.000000000000000000 ) ) ;
#117 = VERTEX_POINT ( 'NONE', #2206 ) ;
#118 = ORIENTED_EDGE ( 'NONE', *, *, #2161, .T. ) ;
#119 = CARTESIAN_POINT ( 'NONE',  ( 18.40053276339293831, -51.40770792073848838, 1.000000000000000000 ) ) ;
#120 = DIRECTION ( 'NONE',  ( -1.000000000000000000, 0.000000000000000000, 0.000000000000000000 ) ) ;
#121 = CIRCLE ( 'NONE', #1128, 5.000000000000000888 ) ;
#122 = CARTESIAN_POINT ( 'NONE',  ( -1.021138037183427771, 57.99009357232187511, 1.499999999999999556 ) ) ;
#123 = FACE_OUTER_BOUND ( 'NONE', #700, .T. ) ;
#124 = AXIS2_PLACEMENT_3D ( 'NONE', #1554, #2351, #322 ) ;
#125 = AXIS2_PLACEMENT_3D ( 'NONE', #681, #2235, #2093 ) ;
#126 = FACE_OUTER_BOUND ( 'NONE', #217, .T. ) ;
#127 = EDGE_CURVE ( 'NONE', #2292, #1407, #585, .T. ) ;
#128 = DIRECTION ( 'NONE',  ( -0.000000000000000000, -0.000000000000000000, -1.000000000000000000 ) ) ;
#129 = AXIS2_PLACEMENT_3D ( 'NONE', #2024, #1072, #2273 ) ;
#130 = DIRECTION ( 'NONE',  ( -0.000000000000000000, -0.000000000000000000, 1.000000000000000000 ) ) ;
#131 = ORIENTED_EDGE ( 'NONE', *, *, #2289, .T. ) ;
#132 = AXIS2_PLACEMENT_3D ( 'NONE', #348, #161, #1769 ) ;
#133 = ORIENTED_EDGE ( 'NONE', *, *, #591, .T. ) ;
#134 = CONICAL_SURFACE ( 'NONE', #2224, 2.199999999999979750, 0.7853981633974441712 ) ;
#135 = FACE_BOUND ( 'NONE', #1292, .T. ) ;
#136 = EDGE_CURVE ( 'NONE', #1706, #2452, #2377, .T. ) ;
#137 = CARTESIAN_POINT ( 'NONE',  ( 12.77885684433416280, 61.89009357232188080, 0.000000000000000000 ) ) ;
#138 = DIRECTION ( 'NONE',  ( -1.000000000000000000, 0.000000000000000000, 0.000000000000000000 ) ) ;
#139 = DIRECTION ( 'NONE',  ( -0.7071067811865479058, 0.000000000000000000, -0.7071067811865472397 ) ) ;
#140 = CARTESIAN_POINT ( 'NONE',  ( -1.021138037183427771, -32.00990642767810357, 1.499999999999999556 ) ) ;
#141 = EDGE_CURVE ( 'NONE', #1293, #1880, #2002, .T. ) ;
#142 = DIRECTION ( 'NONE',  ( -1.000000000000000000, 0.000000000000000000, 0.000000000000000000 ) ) ;
#143 = ORIENTED_EDGE ( 'NONE', *, *, #553, .T. ) ;
#144 = ORIENTED_EDGE ( 'NONE', *, *, #275, .T. ) ;
#145 = DIRECTION ( 'NONE',  ( 0.000000000000000000, 0.000000000000000000, -1.000000000000000000 ) ) ;
#146 = CYLINDRICAL_SURFACE ( 'NONE', #4, 1.000000000000000888 ) ;
#147 = CARTESIAN_POINT ( 'NONE',  ( -33.22338836423517705, -53.80990642767815046, 0.000000000000000000 ) ) ;
#148 = CARTESIAN_POINT ( 'NONE',  ( 15.77885684433417701, -22.82722754716082392, 1.500000000000000000 ) ) ;
#149 = DIRECTION ( 'NONE',  ( -0.000000000000000000, -0.000000000000000000, -1.000000000000000000 ) ) ;
#150 = DIRECTION ( 'NONE',  ( -1.000000000000000000, 0.000000000000000000, 0.000000000000000000 ) ) ;
#151 = EDGE_LOOP ( 'NONE', ( #445, #59 ) ) ;
#152 = EDGE_LOOP ( 'NONE', ( #2240, #1735, #846, #2136 ) ) ;
#153 = CARTESIAN_POINT ( 'NONE',  ( -121.9751964911650646, -42.76396488165973153, 0.000000000000000000 ) ) ;
#154 = ADVANCED_FACE ( 'NONE', ( #796 ), #1795, .T. ) ;
#155 = FACE_OUTER_BOUND ( 'NONE', #1224, .T. ) ;
#156 = CARTESIAN_POINT ( 'NONE',  ( -133.0211380371834480, 63.39009357232186659, 1.500000000000000000 ) ) ;
#157 = AXIS2_PLACEMENT_3D ( 'NONE', #374, #1753, #758 ) ;
#158 = ORIENTED_EDGE ( 'NONE', *, *, #1695, .F. ) ;
#159 = AXIS2_PLACEMENT_3D ( 'NONE', #1988, #1806, #1976 ) ;
#160 = CARTESIAN_POINT ( 'NONE',  ( -110.4211380371834110, -18.97595842767810836, 0.000000000000000000 ) ) ;
#161 = DIRECTION ( 'NONE',  ( -0.000000000000000000, -0.000000000000000000, -1.000000000000000000 ) ) ;
#162 = AXIS2_PLACEMENT_3D ( 'NONE', #873, #103, #2433 ) ;
#163 = EDGE_CURVE ( 'NONE', #292, #628, #458, .T. ) ;
#164 = ORIENTED_EDGE ( 'NONE', *, *, #2243, .F. ) ;
#165 = AXIS2_PLACEMENT_3D ( 'NONE', #1434, #1869, #436 ) ;
#166 = EDGE_LOOP ( 'NONE', ( #602, #1622, #1374, #1401 ) ) ;
#167 = AXIS2_PLACEMENT_3D ( 'NONE', #2445, #1645, #2037 ) ;
#168 = AXIS2_PLACEMENT_3D ( 'NONE', #2507, #289, #1502 ) ;
#169 = VERTEX_POINT ( 'NONE', #1832 ) ;
#170 = CARTESIAN_POINT ( 'NONE',  ( 5.566925133751427168, -73.45597997267998380, 1.500000000000000000 ) ) ;
#171 = ORIENTED_EDGE ( 'NONE', *, *, #641, .F. ) ;
#172 = CIRCLE ( 'NONE', #888, 1.000000000000001776 ) ;
#173 = EDGE_CURVE ( 'NONE', #17, #2538, #248, .T. ) ;
#174 = CIRCLE ( 'NONE', #1855, 1.500000000000001332 ) ;
#175 = DIRECTION ( 'NONE',  ( -1.000000000000000000, 0.000000000000000000, 0.000000000000000000 ) ) ;
#176 = DIRECTION ( 'NONE',  ( -1.000000000000000000, 0.000000000000000000, 0.000000000000000000 ) ) ;
#177 = VECTOR ( 'NONE', #1839, 1000.000000000000000 ) ;
#178 = VERTEX_POINT ( 'NONE', #834 ) ;
#179 = CARTESIAN_POINT ( 'NONE',  ( 47.40574405703641503, -50.48971478099267074, 1.500000000000000000 ) ) ;
#180 = DIRECTION ( 'NONE',  ( -1.000000000000000000, 0.000000000000000000, 0.000000000000000000 ) ) ;
#181 = LINE ( 'NONE', #1204, #414 ) ;
#182 = VERTEX_POINT ( 'NONE', #2438 ) ;
#183 = ORIENTED_EDGE ( 'NONE', *, *, #1139, .T. ) ;
#184 = LINE ( 'NONE', #2586, #1014 ) ;
#185 = VERTEX_POINT ( 'NONE', #2196 ) ;
#186 = FACE_OUTER_BOUND ( 'NONE', #1046, .T. ) ;
#187 = CARTESIAN_POINT ( 'NONE',  ( 11.27885684433416102, 61.89009357232188080, 1.500000000000000000 ) ) ;
#188 = ORIENTED_EDGE ( 'NONE', *, *, #2353, .T. ) ;
#189 = DIRECTION ( 'NONE',  ( 0.000000000000000000, 0.000000000000000000, 1.000000000000000000 ) ) ;
#190 = EDGE_CURVE ( 'NONE', #628, #325, #601, .T. ) ;
#191 = CARTESIAN_POINT ( 'NONE',  ( -17.68284447033585849, -56.55012361105675467, 0.000000000000000000 ) ) ;
#192 = ADVANCED_FACE ( 'NONE', ( #1621 ), #1387, .T. ) ;
#193 = CARTESIAN_POINT ( 'NONE',  ( -133.0211380371834196, -52.30990642767815046, 1.500000000000000000 ) ) ;
#194 = ORIENTED_EDGE ( 'NONE', *, *, #2548, .T. ) ;
#195 = VERTEX_POINT ( 'NONE', #1009 ) ;
#196 = DIRECTION ( 'NONE',  ( -1.000000000000000000, 0.000000000000000000, 0.000000000000000000 ) ) ;
#197 = ORIENTED_EDGE ( 'NONE', *, *, #1527, .T. ) ;
#198 = EDGE_CURVE ( 'NONE', #2410, #1361, #916, .T. ) ;
#199 = DIRECTION ( 'NONE',  ( -0.000000000000000000, -0.000000000000000000, -1.000000000000000000 ) ) ;
#200 = DIRECTION ( 'NONE',  ( -0.000000000000000000, -0.000000000000000000, -1.000000000000000000 ) ) ;
#201 = ORIENTED_EDGE ( 'NONE', *, *, #311, .T. ) ;
#202 = DIRECTION ( 'NONE',  ( -1.000000000000000000, 0.000000000000000000, 0.000000000000000000 ) ) ;
#203 = DIRECTION ( 'NONE',  ( -1.000000000000000000, 0.000000000000000000, 0.000000000000000000 ) ) ;
#204 = CIRCLE ( 'NONE', #536, 2.999999999999999112 ) ;
#205 = CIRCLE ( 'NONE', #748, 1.000000000000000888 ) ;
#206 = EDGE_CURVE ( 'NONE', #974, #1182, #2018, .T. ) ;
#207 = DIRECTION ( 'NONE',  ( -1.000000000000000000, 0.000000000000000000, 0.000000000000000000 ) ) ;
#208 = VERTEX_POINT ( 'NONE', #1440 ) ;
#209 = AXIS2_PLACEMENT_3D ( 'NONE', #738, #555, #2153 ) ;
#210 = ORIENTED_EDGE ( 'NONE', *, *, #1552, .T. ) ;
#211 = VERTEX_POINT ( 'NONE', #625 ) ;
#212 = AXIS2_PLACEMENT_3D ( 'NONE', #502, #1307, #245 ) ;
#213 = DIRECTION ( 'NONE',  ( -1.000000000000000000, 0.000000000000000000, 0.000000000000000000 ) ) ;
#214 = LINE ( 'NONE', #1817, #426 ) ;
#215 = EDGE_CURVE ( 'NONE', #1441, #1880, #642, .T. ) ;
#216 = AXIS2_PLACEMENT_3D ( 'NONE', #389, #413, #611 ) ;
#217 = EDGE_LOOP ( 'NONE', ( #868, #291, #82, #744 ) ) ;
#218 = CARTESIAN_POINT ( 'NONE',  ( -1.021138037183427771, -32.00990642767810357, 10.00000000000000000 ) ) ;
#219 = LINE ( 'NONE', #1023, #1057 ) ;
#220 = AXIS2_PLACEMENT_3D ( 'NONE', #397, #9, #1020 ) ;
#221 = DIRECTION ( 'NONE',  ( -1.000000000000000000, 0.000000000000000000, 0.000000000000000000 ) ) ;
#222 = EDGE_LOOP ( 'NONE', ( #2019, #2150, #1305, #733 ) ) ;
#223 = ADVANCED_FACE ( 'NONE', ( #2237 ), #94, .F. ) ;
#224 = ORIENTED_EDGE ( 'NONE', *, *, #114, .F. ) ;
#225 = VERTEX_POINT ( 'NONE', #2073 ) ;
#226 = EDGE_CURVE ( 'NONE', #672, #1767, #1848, .T. ) ;
#227 = DIRECTION ( 'NONE',  ( -0.000000000000000000, -0.000000000000000000, -1.000000000000000000 ) ) ;
#228 = CARTESIAN_POINT ( 'NONE',  ( -106.0211380371834196, -18.97595842767810836, 0.000000000000000000 ) ) ;
#229 = DIRECTION ( 'NONE',  ( -1.000000000000000000, 0.000000000000000000, 0.000000000000000000 ) ) ;
#230 = ORIENTED_EDGE ( 'NONE', *, *, #1359, .T. ) ;
#231 = DIRECTION ( 'NONE',  ( -0.000000000000000000, -0.000000000000000000, -1.000000000000000000 ) ) ;
#232 = DIRECTION ( 'NONE',  ( 0.000000000000000000, 0.000000000000000000, -1.000000000000000000 ) ) ;
#233 = CARTESIAN_POINT ( 'NONE',  ( 46.10670595135976413, -49.73971478099267074, 1.500000000000000000 ) ) ;
#234 = ORIENTED_EDGE ( 'NONE', *, *, #334, .F. ) ;
#235 = VERTEX_POINT ( 'NONE', #244 ) ;
#236 = ORIENTED_EDGE ( 'NONE', *, *, #247, .F. ) ;
#237 = EDGE_CURVE ( 'NONE', #1470, #2239, #1883, .T. ) ;
#238 = DIRECTION ( 'NONE',  ( 0.000000000000000000, 0.000000000000000000, 1.000000000000000000 ) ) ;
#239 = DIRECTION ( 'NONE',  ( 0.000000000000000000, 0.000000000000000000, -1.000000000000000000 ) ) ;
#240 = DIRECTION ( 'NONE',  ( 0.000000000000000000, 0.000000000000000000, -1.000000000000000000 ) ) ;
#241 = EDGE_LOOP ( 'NONE', ( #743, #354 ) ) ;
#242 = CARTESIAN_POINT ( 'NONE',  ( -51.02113803718341956, 27.22404157232187316, 1.200000000000001510 ) ) ;
#243 = CARTESIAN_POINT ( 'NONE',  ( 20.26868183166513049, -31.35802298502117580, 1.500000000000000000 ) ) ;
#244 = CARTESIAN_POINT ( 'NONE',  ( -126.9751964911650646, -42.76396488165973153, 2.500000000000000000 ) ) ;
#245 = DIRECTION ( 'NONE',  ( -1.000000000000000000, 0.000000000000000000, 0.000000000000000000 ) ) ;
#246 = ORIENTED_EDGE ( 'NONE', *, *, #363, .T. ) ;
#247 = EDGE_CURVE ( 'NONE', #1914, #1814, #328, .T. ) ;
#248 = CIRCLE ( 'NONE', #709, 4.150000000000000355 ) ;
#249 = ORIENTED_EDGE ( 'NONE', *, *, #2287, .F. ) ;
#250 = CONICAL_SURFACE ( 'NONE', #539, 2.200000000000000622, 0.7853981633974487231 ) ;
#251 = VERTEX_POINT ( 'NONE', #495 ) ;
#252 = AXIS2_PLACEMENT_3D ( 'NONE', #1479, #1438, #91 ) ;
#253 = DIRECTION ( 'NONE',  ( -1.000000000000000000, 0.000000000000000000, 0.000000000000000000 ) ) ;
#254 = CARTESIAN_POINT ( 'NONE',  ( 35.74491396281656819, -52.25990642767809646, 1.200000000000001510 ) ) ;
#255 = CARTESIAN_POINT ( 'NONE',  ( -117.8251964911650731, -42.76396488165973153, 1.000000000000000000 ) ) ;
#256 = AXIS2_PLACEMENT_3D ( 'NONE', #2537, #1929, #1497 ) ;
#257 = EDGE_CURVE ( 'NONE', #2052, #117, #2450, .T. ) ;
#258 = AXIS2_PLACEMENT_3D ( 'NONE', #1687, #64, #1031 ) ;
#259 = AXIS2_PLACEMENT_3D ( 'NONE', #487, #1108, #475 ) ;
#260 = ORIENTED_EDGE ( 'NONE', *, *, #1732, .F. ) ;
#261 = FACE_OUTER_BOUND ( 'NONE', #1235, .T. ) ;
#262 = CARTESIAN_POINT ( 'NONE',  ( -116.1445175446283145, 54.34710719883609187, 1.000000000000000000 ) ) ;
#263 = AXIS2_PLACEMENT_3D ( 'NONE', #243, #703, #79 ) ;
#264 = CARTESIAN_POINT ( 'NONE',  ( -126.1251964911650418, -42.76396488165973153, 1.000000000000000000 ) ) ;
#265 = DIRECTION ( 'NONE',  ( -1.000000000000000000, 0.000000000000000000, 0.000000000000000000 ) ) ;
#266 = VERTEX_POINT ( 'NONE', #1662 ) ;
#267 = ORIENTED_EDGE ( 'NONE', *, *, #1071, .F. ) ;
#268 = ORIENTED_EDGE ( 'NONE', *, *, #2349, .T. ) ;
#269 = CYLINDRICAL_SURFACE ( 'NONE', #1174, 1.000000000000001776 ) ;
#270 = DIRECTION ( 'NONE',  ( -1.000000000000000000, 0.000000000000000000, 0.000000000000000000 ) ) ;
#271 = LINE ( 'NONE', #1254, #755 ) ;
#272 = ORIENTED_EDGE ( 'NONE', *, *, #398, .T. ) ;
#273 = CARTESIAN_POINT ( 'NONE',  ( -11.00508603718342293, -60.25990642767807515, 1.200000000000001510 ) ) ;
#274 = DIRECTION ( 'NONE',  ( -1.000000000000000000, 0.000000000000000000, 0.000000000000000000 ) ) ;
#275 = EDGE_CURVE ( 'NONE', #2242, #972, #2097, .T. ) ;
#276 = CARTESIAN_POINT ( 'NONE',  ( -48.82113803718341671, 27.22404157232187316, 0.000000000000000000 ) ) ;
#277 = EDGE_CURVE ( 'NONE', #469, #672, #204, .T. ) ;
#278 = LINE ( 'NONE', #1079, #2140 ) ;
#279 = ORIENTED_EDGE ( 'NONE', *, *, #2072, .F. ) ;
#280 = ORIENTED_EDGE ( 'NONE', *, *, #1915, .T. ) ;
#281 = DIRECTION ( 'NONE',  ( -0.000000000000000000, -0.000000000000000000, -1.000000000000000000 ) ) ;
#282 = FACE_OUTER_BOUND ( 'NONE', #2076, .T. ) ;
#283 = CARTESIAN_POINT ( 'NONE',  ( 11.27885684433416102, 63.39009357232188080, 1.500000000000000000 ) ) ;
#284 = ADVANCED_FACE ( 'NONE', ( #80 ), #2495, .T. ) ;
#285 = EDGE_LOOP ( 'NONE', ( #366, #1388, #339, #568 ) ) ;
#286 = DIRECTION ( 'NONE',  ( -0.000000000000000000, -0.000000000000000000, -1.000000000000000000 ) ) ;
#287 = DIRECTION ( 'NONE',  ( 0.000000000000000000, 0.000000000000000000, -1.000000000000000000 ) ) ;
#288 = DIRECTION ( 'NONE',  ( -0.000000000000000000, -0.000000000000000000, -1.000000000000000000 ) ) ;
#289 = DIRECTION ( 'NONE',  ( 0.000000000000000000, 0.000000000000000000, -1.000000000000000000 ) ) ;
#290 = EDGE_CURVE ( 'NONE', #1470, #1773, #893, .T. ) ;
#291 = ORIENTED_EDGE ( 'NONE', *, *, #1897, .T. ) ;
#292 = VERTEX_POINT ( 'NONE', #57 ) ;
#293 = AXIS2_PLACEMENT_3D ( 'NONE', #914, #2555, #2521 ) ;
#294 = AXIS2_PLACEMENT_3D ( 'NONE', #1279, #288, #314 ) ;
#295 = CARTESIAN_POINT ( 'NONE',  ( -3.221138037183427727, 57.99009357232187511, 0.000000000000000000 ) ) ;
#296 = DIRECTION ( 'NONE',  ( 0.7071067811865479058, 8.659560562354937789E-17, -0.7071067811865472397 ) ) ;
#297 = AXIS2_PLACEMENT_3D ( 'NONE', #242, #2477, #1277 ) ;
#298 = AXIS2_PLACEMENT_3D ( 'NONE', #2009, #1587, #175 ) ;
#299 = DIRECTION ( 'NONE',  ( 0.000000000000000000, 0.000000000000000000, -1.000000000000000000 ) ) ;
#300 = LINE ( 'NONE', #1064, #1726 ) ;
#301 = EDGE_CURVE ( 'NONE', #1786, #169, #2332, .T. ) ;
#302 = CIRCLE ( 'NONE', #975, 2.200000000000000622 ) ;
#303 = CARTESIAN_POINT ( 'NONE',  ( 12.77885684433417701, -23.56849087371951157, 1.500000000000000000 ) ) ;
#304 = CARTESIAN_POINT ( 'NONE',  ( -1.021138037183427771, 57.99009357232187511, 0.000000000000000000 ) ) ;
#305 = CIRCLE ( 'NONE', #2308, 5.000000000000004441 ) ;
#306 = ORIENTED_EDGE ( 'NONE', *, *, #35, .T. ) ;
#307 = ADVANCED_FACE ( 'NONE', ( #2299 ), #1246, .T. ) ;
#308 = ORIENTED_EDGE ( 'NONE', *, *, #850, .F. ) ;
#309 = AXIS2_PLACEMENT_3D ( 'NONE', #634, #2472, #676 ) ;
#310 = CARTESIAN_POINT ( 'NONE',  ( 14.25053276339293973, -51.40770792073848838, 2.500000000000000000 ) ) ;
#311 = EDGE_CURVE ( 'NONE', #2239, #2545, #877, .T. ) ;
#312 = DIRECTION ( 'NONE',  ( -1.000000000000000000, 0.000000000000000000, 0.000000000000000000 ) ) ;
#313 = CARTESIAN_POINT ( 'NONE',  ( -131.5211380371833911, -52.30990642767815046, 0.000000000000000000 ) ) ;
#314 = DIRECTION ( 'NONE',  ( -1.000000000000000000, 0.000000000000000000, 0.000000000000000000 ) ) ;
#315 = DIRECTION ( 'NONE',  ( -0.000000000000000000, -0.000000000000000000, -1.000000000000000000 ) ) ;
#316 = ORIENTED_EDGE ( 'NONE', *, *, #2161, .F. ) ;
#317 = ORIENTED_EDGE ( 'NONE', *, *, #1296, .T. ) ;
#318 = FACE_BOUND ( 'NONE', #2172, .T. ) ;
#319 = EDGE_CURVE ( 'NONE', #1759, #1145, #1841, .T. ) ;
#320 = CARTESIAN_POINT ( 'NONE',  ( 22.97886196281656623, -73.25990642767810357, 1.199999999999997957 ) ) ;
#321 = DIRECTION ( 'NONE',  ( -0.000000000000000000, -0.000000000000000000, 1.000000000000000000 ) ) ;
#322 = DIRECTION ( 'NONE',  ( -1.000000000000000000, 0.000000000000000000, 0.000000000000000000 ) ) ;
#323 = CARTESIAN_POINT ( 'NONE',  ( 22.97886196281656623, -73.25990642767810357, 0.000000000000000000 ) ) ;
#324 = ORIENTED_EDGE ( 'NONE', *, *, #527, .T. ) ;
#325 = VERTEX_POINT ( 'NONE', #486 ) ;
#326 = EDGE_CURVE ( 'NONE', #2545, #404, #851, .T. ) ;
#327 = ORIENTED_EDGE ( 'NONE', *, *, #544, .T. ) ;
#328 = CIRCLE ( 'NONE', #2126, 1.000000000000000888 ) ;
#329 = DIRECTION ( 'NONE',  ( 0.000000000000000000, 0.000000000000000000, -1.000000000000000000 ) ) ;
#330 = CIRCLE ( 'NONE', #2128, 2.999999999999999112 ) ;
#331 = FACE_OUTER_BOUND ( 'NONE', #500, .T. ) ;
#332 = DIRECTION ( 'NONE',  ( -1.000000000000000000, 0.000000000000000000, 0.000000000000000000 ) ) ;
#333 = VECTOR ( 'NONE', #115, 999.9999999999998863 ) ;
#334 = EDGE_CURVE ( 'NONE', #1281, #1249, #833, .T. ) ;
#335 = DIRECTION ( 'NONE',  ( -0.000000000000000000, -0.000000000000000000, -1.000000000000000000 ) ) ;
#336 = CARTESIAN_POINT ( 'NONE',  ( -52.02113803718341245, -28.75990642767811067, 10.00000000000000000 ) ) ;
#337 = AXIS2_PLACEMENT_3D ( 'NONE', #365, #590, #1167 ) ;
#338 = VERTEX_POINT ( 'NONE', #264 ) ;
#339 = ORIENTED_EDGE ( 'NONE', *, *, #659, .T. ) ;
#340 = AXIS2_PLACEMENT_3D ( 'NONE', #1385, #808, #2406 ) ;
#341 = ORIENTED_EDGE ( 'NONE', *, *, #1045, .F. ) ;
#342 = CIRCLE ( 'NONE', #96, 4.150000000000001243 ) ;
#343 = CARTESIAN_POINT ( 'NONE',  ( -2.302297129184083246, 51.46008709731700037, 2.500000000000000000 ) ) ;
#344 = DIRECTION ( 'NONE',  ( -0.000000000000000000, -0.000000000000000000, -1.000000000000000000 ) ) ;
#345 = LINE ( 'NONE', #1498, #2133 ) ;
#346 = CARTESIAN_POINT ( 'NONE',  ( -18.90565567397972657, -59.90976978132438546, 1.500000000000000000 ) ) ;
#347 = CARTESIAN_POINT ( 'NONE',  ( -109.2211380371834224, -18.97595842767810836, 1.499999999999999556 ) ) ;
#348 = CARTESIAN_POINT ( 'NONE',  ( -1.021138037183427771, -32.00990642767810357, 10.00000000000000000 ) ) ;
#349 = EDGE_CURVE ( 'NONE', #626, #972, #1755, .T. ) ;
#350 = ADVANCED_FACE ( 'NONE', ( #1289 ), #668, .F. ) ;
#351 = EDGE_LOOP ( 'NONE', ( #810, #158, #143, #1213 ) ) ;
#352 = VERTEX_POINT ( 'NONE', #2335 ) ;
#353 = ADVANCED_BREP_SHAPE_REPRESENTATION ( 'BottomPlate_Left', ( #1093, #1899 ), #2566 ) ;
#354 = ORIENTED_EDGE ( 'NONE', *, *, #749, .F. ) ;
#355 = DIRECTION ( 'NONE',  ( -1.000000000000000000, 0.000000000000000000, 0.000000000000000000 ) ) ;
#356 = CARTESIAN_POINT ( 'NONE',  ( -108.2211380371834224, -18.97595842767810836, 10.00000000000000000 ) ) ;
#357 = CARTESIAN_POINT ( 'NONE',  ( -14.20508603718342222, -60.25990642767807515, 0.000000000000000000 ) ) ;
#358 = EDGE_CURVE ( 'NONE', #889, #945, #460, .T. ) ;
#359 = DIRECTION ( 'NONE',  ( 0.000000000000000000, 0.000000000000000000, 1.000000000000000000 ) ) ;
#360 = CARTESIAN_POINT ( 'NONE',  ( -1.021138037183427771, -32.00990642767810357, 0.000000000000000000 ) ) ;
#361 = ORIENTED_EDGE ( 'NONE', *, *, #2453, .T. ) ;
#362 = VERTEX_POINT ( 'NONE', #160 ) ;
#363 = EDGE_CURVE ( 'NONE', #829, #1403, #1170, .T. ) ;
#364 = ORIENTED_EDGE ( 'NONE', *, *, #1695, .T. ) ;
#365 = CARTESIAN_POINT ( 'NONE',  ( -16.55143728065714726, -62.21302110569511967, 1.500000000000000000 ) ) ;
#366 = ORIENTED_EDGE ( 'NONE', *, *, #1095, .F. ) ;
#367 = DIRECTION ( 'NONE',  ( -0.000000000000000000, -0.000000000000000000, -1.000000000000000000 ) ) ;
#368 = DIRECTION ( 'NONE',  ( 0.000000000000000000, 0.000000000000000000, -1.000000000000000000 ) ) ;
#369 = AXIS2_PLACEMENT_3D ( 'NONE', #1636, #430, #1578 ) ;
#370 = ORIENTED_EDGE ( 'NONE', *, *, #2574, .T. ) ;
#371 = DIRECTION ( 'NONE',  ( -1.000000000000000000, 0.000000000000000000, 0.000000000000000000 ) ) ;
#372 = CARTESIAN_POINT ( 'NONE',  ( -50.02113803718340534, -28.75990642767811067, 1.499999999999999556 ) ) ;
#373 = CIRCLE ( 'NONE', #713, 1.000000000000000888 ) ;
#374 = CARTESIAN_POINT ( 'NONE',  ( 2.697702870815915421, 51.46008709731700037, 1.000000000000000000 ) ) ;
#375 = AXIS2_PLACEMENT_3D ( 'NONE', #1188, #1789, #788 ) ;
#376 = ORIENTED_EDGE ( 'NONE', *, *, #2127, .T. ) ;
#377 = VECTOR ( 'NONE', #1324, 1000.000000000000000 ) ;
#378 = EDGE_LOOP ( 'NONE', ( #823, #762 ) ) ;
#379 = DIRECTION ( 'NONE',  ( 0.000000000000000000, 0.000000000000000000, -1.000000000000000000 ) ) ;
#380 = ORIENTED_EDGE ( 'NONE', *, *, #2294, .F. ) ;
#381 = VECTOR ( 'NONE', #621, 1000.000000000000000 ) ;
#382 = PRODUCT_DEFINITION ( 'UNKNOWN', '', #1433, #497 ) ;
#383 = AXIS2_PLACEMENT_3D ( 'NONE', #2564, #766, #138 ) ;
#384 = EDGE_CURVE ( 'NONE', #2559, #945, #1323, .T. ) ;
#385 = DIRECTION ( 'NONE',  ( -1.000000000000000000, 0.000000000000000000, 0.000000000000000000 ) ) ;
#386 = DIRECTION ( 'NONE',  ( -0.9396926207859073177, 0.3420201433256715995, 0.000000000000000000 ) ) ;
#387 = ORIENTED_EDGE ( 'NONE', *, *, #2467, .T. ) ;
#388 = CYLINDRICAL_SURFACE ( 'NONE', #1090, 1.000000000000001776 ) ;
#389 = CARTESIAN_POINT ( 'NONE',  ( 2.697702870815915421, 51.46008709731700037, 0.000000000000000000 ) ) ;
#390 = DIRECTION ( 'NONE',  ( 0.9396926207859073177, -0.3420201433256715440, -0.000000000000000000 ) ) ;
#391 = ORIENTED_EDGE ( 'NONE', *, *, #956, .F. ) ;
#392 = EDGE_CURVE ( 'NONE', #581, #1822, #2423, .T. ) ;
#393 = ORIENTED_EDGE ( 'NONE', *, *, #553, .F. ) ;
#394 = CARTESIAN_POINT ( 'NONE',  ( 12.77885684433416280, 63.39009357232188080, 1.500000000000000000 ) ) ;
#395 = EDGE_LOOP ( 'NONE', ( #1062, #306 ) ) ;
#396 = DIRECTION ( 'NONE',  ( -0.000000000000000000, -0.000000000000000000, -1.000000000000000000 ) ) ;
#397 = CARTESIAN_POINT ( 'NONE',  ( -51.02113803718341956, 27.22404157232187316, 0.000000000000000000 ) ) ;
#398 = EDGE_CURVE ( 'NONE', #1249, #1281, #793, .T. ) ;
#399 = ORIENTED_EDGE ( 'NONE', *, *, #127, .F. ) ;
#400 = PRODUCT_DEFINITION_SHAPE ( 'NONE', 'NONE',  #382 ) ;
#401 = CARTESIAN_POINT ( 'NONE',  ( 18.01775855917952285, -33.52255344286417227, 1.500000000000000000 ) ) ;
#402 = DIRECTION ( 'NONE',  ( 0.8660254037844385966, -0.5000000000000000000, 0.000000000000000000 ) ) ;
#403 = CARTESIAN_POINT ( 'NONE',  ( 37.94491396281656392, -52.25990642767809646, 0.000000000000000000 ) ) ;
#404 = VERTEX_POINT ( 'NONE', #768 ) ;
#405 = ORIENTED_EDGE ( 'NONE', *, *, #790, .T. ) ;
#406 = ADVANCED_FACE ( 'NONE', ( #1958 ), #1129, .F. ) ;
#407 = ORIENTED_EDGE ( 'NONE', *, *, #1180, .T. ) ;
#408 = PLANE ( 'NONE',  #1963 ) ;
#409 = DIRECTION ( 'NONE',  ( -1.000000000000000000, 0.000000000000000000, 0.000000000000000000 ) ) ;
#410 = VERTEX_POINT ( 'NONE', #1124 ) ;
#411 = DIRECTION ( 'NONE',  ( -1.000000000000000000, -4.625929269271486900E-15, 0.000000000000000000 ) ) ;
#412 = ADVANCED_FACE ( 'NONE', ( #940 ), #2313, .T. ) ;
#413 = DIRECTION ( 'NONE',  ( 0.000000000000000000, 0.000000000000000000, -1.000000000000000000 ) ) ;
#414 = VECTOR ( 'NONE', #443, 1000.000000000000227 ) ;
#415 = VECTOR ( 'NONE', #139, 999.9999999999998863 ) ;
#416 = CARTESIAN_POINT ( 'NONE',  ( 2.697702870815915421, 51.46008709731700037, 1.000000000000000000 ) ) ;
#417 = VERTEX_POINT ( 'NONE', #509 ) ;
#418 = CONICAL_SURFACE ( 'NONE', #1887, 2.200000000000000622, 0.7853981633974487231 ) ;
#419 = VECTOR ( 'NONE', #199, 1000.000000000000000 ) ;
#420 = ORIENTED_EDGE ( 'NONE', *, *, #1527, .F. ) ;
#421 = ORIENTED_EDGE ( 'NONE', *, *, #358, .F. ) ;
#422 = CIRCLE ( 'NONE', #1137, 4.149999999999987033 ) ;
#423 = CIRCLE ( 'NONE', #1683, 2.199999999999979750 ) ;
#424 = CARTESIAN_POINT ( 'NONE',  ( -12.00508603718342115, -60.25990642767807515, 10.00000000000000000 ) ) ;
#425 = PLANE ( 'NONE',  #2065 ) ;
#426 = VECTOR ( 'NONE', #22, 1000.000000000000000 ) ;
#427 = ORIENTED_EDGE ( 'NONE', *, *, #1732, .T. ) ;
#428 = DIRECTION ( 'NONE',  ( -1.000000000000000000, 0.000000000000000000, -0.000000000000000000 ) ) ;
#429 = CYLINDRICAL_SURFACE ( 'NONE', #1685, 5.000000000000000888 ) ;
#430 = DIRECTION ( 'NONE',  ( -0.000000000000000000, -0.000000000000000000, -1.000000000000000000 ) ) ;
#431 = ORIENTED_EDGE ( 'NONE', *, *, #742, .T. ) ;
#432 = EDGE_CURVE ( 'NONE', #649, #837, #2551, .T. ) ;
#433 = ADVANCED_FACE ( 'NONE', ( #2155 ), #1138, .F. ) ;
#434 = ORIENTED_EDGE ( 'NONE', *, *, #107, .T. ) ;
#435 = VERTEX_POINT ( 'NONE', #1739 ) ;
#436 = DIRECTION ( 'NONE',  ( -1.000000000000000000, 0.000000000000000000, 0.000000000000000000 ) ) ;
#437 = DIRECTION ( 'NONE',  ( 0.4999999999999999445, 0.8660254037844385966, -0.000000000000000000 ) ) ;
#438 = CARTESIAN_POINT ( 'NONE',  ( -16.55143728065714726, -62.21302110569511967, 0.000000000000000000 ) ) ;
#439 = ORIENTED_EDGE ( 'NONE', *, *, #2567, .T. ) ;
#440 = CYLINDRICAL_SURFACE ( 'NONE', #1844, 2.999999999999999112 ) ;
#441 = LINE ( 'NONE', #1245, #2269 ) ;
#442 = EDGE_CURVE ( 'NONE', #2207, #410, #1162, .T. ) ;
#443 = DIRECTION ( 'NONE',  ( -0.3420201433256710444, -0.9396926207859075397, -0.000000000000000000 ) ) ;
#444 = DIRECTION ( 'NONE',  ( -1.000000000000000000, 0.000000000000000000, 0.000000000000000000 ) ) ;
#445 = ORIENTED_EDGE ( 'NONE', *, *, #2567, .F. ) ;
#446 = VERTEX_POINT ( 'NONE', #2552 ) ;
#447 = EDGE_CURVE ( 'NONE', #417, #1928, #330, .T. ) ;
#448 = ORIENTED_EDGE ( 'NONE', *, *, #136, .F. ) ;
#449 = SURFACE_SIDE_STYLE ('',( #2487 ) ) ;
#450 = DIRECTION ( 'NONE',  ( 0.7071067811865445751, 8.659560562354897113E-17, -0.7071067811865504593 ) ) ;
#451 = DIRECTION ( 'NONE',  ( -0.000000000000000000, -0.000000000000000000, -1.000000000000000000 ) ) ;
#452 = ORIENTED_EDGE ( 'NONE', *, *, #1560, .F. ) ;
#453 = DIRECTION ( 'NONE',  ( -0.000000000000000000, -0.000000000000000000, -1.000000000000000000 ) ) ;
#454 = DIRECTION ( 'NONE',  ( -0.000000000000000000, -0.000000000000000000, -1.000000000000000000 ) ) ;
#455 = DIRECTION ( 'NONE',  ( -1.000000000000000000, 0.000000000000000000, 0.000000000000000000 ) ) ;
#456 = DIRECTION ( 'NONE',  ( -1.000000000000000000, 0.000000000000000000, 0.000000000000000000 ) ) ;
#457 = ORIENTED_EDGE ( 'NONE', *, *, #2077, .F. ) ;
#458 = CIRCLE ( 'NONE', #369, 1.000000000000000888 ) ;
#459 = ORIENTED_EDGE ( 'NONE', *, *, #2434, .T. ) ;
#460 = CIRCLE ( 'NONE', #624, 2.200000000000000622 ) ;
#461 = ORIENTED_EDGE ( 'NONE', *, *, #1044, .F. ) ;
#462 = AXIS2_PLACEMENT_3D ( 'NONE', #1944, #2107, #2528 ) ;
#463 = CARTESIAN_POINT ( 'NONE',  ( -20.39657557299188184, -64.00603853807582766, 1.500000000000000000 ) ) ;
#464 = DIRECTION ( 'NONE',  ( -0.000000000000000000, -0.000000000000000000, -1.000000000000000000 ) ) ;
#465 = CARTESIAN_POINT ( 'NONE',  ( -133.0211380371834196, -52.30990642767815046, 1.500000000000000000 ) ) ;
#466 = CIRCLE ( 'NONE', #1382, 5.000000000000004441 ) ;
#467 = ADVANCED_FACE ( 'NONE', ( #740 ), #2516, .F. ) ;
#468 = AXIS2_PLACEMENT_3D ( 'NONE', #2251, #1694, #456 ) ;
#469 = VERTEX_POINT ( 'NONE', #522 ) ;
#470 = FACE_OUTER_BOUND ( 'NONE', #1070, .T. ) ;
#471 = DIRECTION ( 'NONE',  ( -0.000000000000000000, -0.000000000000000000, -1.000000000000000000 ) ) ;
#472 = VECTOR ( 'NONE', #2205, 1000.000000000000000 ) ;
#473 = VECTOR ( 'NONE', #1230, 1000.000000000000000 ) ;
#474 = CARTESIAN_POINT ( 'NONE',  ( 25.17886196281656552, -73.25990642767810357, 0.000000000000000000 ) ) ;
#475 = DIRECTION ( 'NONE',  ( -1.000000000000000000, 0.000000000000000000, 0.000000000000000000 ) ) ;
#476 = VERTEX_POINT ( 'NONE', #347 ) ;
#477 = ORIENTED_EDGE ( 'NONE', *, *, #358, .T. ) ;
#478 = ADVANCED_FACE ( 'NONE', ( #126 ), #2470, .F. ) ;
#479 = CARTESIAN_POINT ( 'NONE',  ( -126.9751964911650646, -42.76396488165973153, 2.500000000000000000 ) ) ;
#480 = DIRECTION ( 'NONE',  ( 0.9848077530122084644, -0.1736481776669284161, -0.000000000000000000 ) ) ;
#481 = FACE_OUTER_BOUND ( 'NONE', #1521, .T. ) ;
#482 = ORIENTED_EDGE ( 'NONE', *, *, #2175, .T. ) ;
#483 = CARTESIAN_POINT ( 'NONE',  ( -116.1445175446283145, 54.34710719883609187, 0.000000000000000000 ) ) ;
#484 = CYLINDRICAL_SURFACE ( 'NONE', #2104, 5.000000000000004441 ) ;
#485 = EDGE_CURVE ( 'NONE', #1182, #1249, #1947, .T. ) ;
#486 = CARTESIAN_POINT ( 'NONE',  ( 37.94491396281656392, -52.25990642767809646, 0.000000000000000000 ) ) ;
#487 = CARTESIAN_POINT ( 'NONE',  ( -1.021138037183427771, -32.00990642767810357, 0.000000000000000000 ) ) ;
#488 = ORIENTED_EDGE ( 'NONE', *, *, #1783, .F. ) ;
#489 = ORIENTED_EDGE ( 'NONE', *, *, #485, .T. ) ;
#490 = EDGE_CURVE ( 'NONE', #1145, #2379, #2531, .T. ) ;
#491 = LINE ( 'NONE', #2230, #1469 ) ;
#492 = DIRECTION ( 'NONE',  ( 0.000000000000000000, 0.000000000000000000, 1.000000000000000000 ) ) ;
#493 = CARTESIAN_POINT ( 'NONE',  ( -21.72473353633744964, -58.88370935134737749, 1.500000000000000000 ) ) ;
#494 = DIRECTION ( 'NONE',  ( -1.000000000000000000, 0.000000000000000000, 0.000000000000000000 ) ) ;
#495 = CARTESIAN_POINT ( 'NONE',  ( -133.0211380371834196, -52.30990642767815046, 0.000000000000000000 ) ) ;
#496 = DIRECTION ( 'NONE',  ( -1.000000000000000000, 0.000000000000000000, 0.000000000000000000 ) ) ;
#497 = PRODUCT_DEFINITION_CONTEXT ( 'detailed design', #520, 'design' ) ;
#498 = EDGE_CURVE ( 'NONE', #211, #476, #205, .T. ) ;
#499 = ORIENTED_EDGE ( 'NONE', *, *, #2030, .T. ) ;
#500 = EDGE_LOOP ( 'NONE', ( #2189, #171, #592, #1666 ) ) ;
#501 = CIRCLE ( 'NONE', #43, 5.000000000000004441 ) ;
#502 = CARTESIAN_POINT ( 'NONE',  ( -12.00508603718342115, -60.25990642767807515, 0.000000000000000000 ) ) ;
#503 = VECTOR ( 'NONE', #286, 1000.000000000000000 ) ;
#504 = VECTOR ( 'NONE', #1271, 1000.000000000000227 ) ;
#505 = LINE ( 'NONE', #1515, #1925 ) ;
#506 = CARTESIAN_POINT ( 'NONE',  ( -126.5211380371834622, 51.25614557232186996, 0.000000000000000000 ) ) ;
#507 = VECTOR ( 'NONE', #48, 1000.000000000000000 ) ;
#508 = AXIS2_PLACEMENT_3D ( 'NONE', #988, #2238, #1158 ) ;
#509 = CARTESIAN_POINT ( 'NONE',  ( -21.20378900333666650, -55.92928609231075399, 1.500000000000000000 ) ) ;
#510 = CYLINDRICAL_SURFACE ( 'NONE', #2012, 2.999999999999999112 ) ;
#511 = VECTOR ( 'NONE', #454, 1000.000000000000000 ) ;
#512 = ORIENTED_EDGE ( 'NONE', *, *, #2453, .F. ) ;
#513 = ORIENTED_EDGE ( 'NONE', *, *, #749, .T. ) ;
#514 = AXIS2_PLACEMENT_3D ( 'NONE', #1546, #344, #2547 ) ;
#515 = ADVANCED_FACE ( 'NONE', ( #619 ), #388, .F. ) ;
#516 = FACE_BOUND ( 'NONE', #378, .T. ) ;
#517 = APPLICATION_PROTOCOL_DEFINITION ( 'draft international standard', 'automotive_design', 1998, #1862 ) ;
#518 = CARTESIAN_POINT ( 'NONE',  ( 22.97886196281656623, -73.25990642767810357, 10.00000000000000000 ) ) ;
#519 = DIRECTION ( 'NONE',  ( -1.000000000000000000, -9.518373316193909607E-17, -0.000000000000000000 ) ) ;
#520 = APPLICATION_CONTEXT ( 'automotive_design' ) ;
#521 = ADVANCED_FACE ( 'NONE', ( #1576 ), #250, .F. ) ;
#522 = CARTESIAN_POINT ( 'NONE',  ( 18.76868183166512694, -33.95609919637448826, 1.500000000000000000 ) ) ;
#523 = CARTESIAN_POINT ( 'NONE',  ( -120.2945175446283201, 54.34710719883609187, 2.500000000000000000 ) ) ;
#524 = DIRECTION ( 'NONE',  ( -1.000000000000000000, 0.000000000000000000, 0.000000000000000000 ) ) ;
#525 = ORIENTED_EDGE ( 'NONE', *, *, #1496, .F. ) ;
#526 = ORIENTED_EDGE ( 'NONE', *, *, #1036, .T. ) ;
#527 = EDGE_CURVE ( 'NONE', #2497, #2219, #1408, .T. ) ;
#528 = PLANE ( 'NONE',  #756 ) ;
#529 = DIRECTION ( 'NONE',  ( -1.000000000000000000, 0.000000000000000000, 0.000000000000000000 ) ) ;
#530 = DIRECTION ( 'NONE',  ( -1.000000000000000000, 0.000000000000000000, 0.000000000000000000 ) ) ;
#531 = CARTESIAN_POINT ( 'NONE',  ( 25.70231667751276561, -85.08115370070909478, 1.500000000000000000 ) ) ;
#532 = CARTESIAN_POINT ( 'NONE',  ( -117.8251964911650731, -42.76396488165973153, 1.000000000000000000 ) ) ;
#533 = DIRECTION ( 'NONE',  ( -1.000000000000000000, 0.000000000000000000, 0.000000000000000000 ) ) ;
#534 = ORIENTED_EDGE ( 'NONE', *, *, #2409, .T. ) ;
#535 = VERTEX_POINT ( 'NONE', #1830 ) ;
#536 = AXIS2_PLACEMENT_3D ( 'NONE', #1088, #1050, #1693 ) ;
#537 = FACE_BOUND ( 'NONE', #1161, .T. ) ;
#538 =( NAMED_UNIT ( * ) PLANE_ANGLE_UNIT ( ) SI_UNIT ( $, .RADIAN. ) );
#539 = AXIS2_PLACEMENT_3D ( 'NONE', #2220, #2375, #1034 ) ;
#540 = DIRECTION ( 'NONE',  ( -1.000000000000000000, 0.000000000000000000, 0.000000000000000000 ) ) ;
#541 = CARTESIAN_POINT ( 'NONE',  ( -32.96490982181214946, -53.85548316864152696, 1.500000000000000000 ) ) ;
#542 = AXIS2_PLACEMENT_3D ( 'NONE', #1287, #2082, #1845 ) ;
#543 = EDGE_CURVE ( 'NONE', #942, #469, #1421, .T. ) ;
#544 = EDGE_CURVE ( 'NONE', #1243, #208, #1418, .T. ) ;
#545 = AXIS2_PLACEMENT_3D ( 'NONE', #310, #918, #1119 ) ;
#546 = DIRECTION ( 'NONE',  ( -1.000000000000000000, 0.000000000000000000, 0.000000000000000000 ) ) ;
#547 = LINE ( 'NONE', #532, #2483 ) ;
#548 = AXIS2_PLACEMENT_3D ( 'NONE', #1482, #1280, #2496 ) ;
#549 = CARTESIAN_POINT ( 'NONE',  ( -121.9751964911650646, -42.76396488165973153, 1.000000000000000000 ) ) ;
#550 = ORIENTED_EDGE ( 'NONE', *, *, #257, .F. ) ;
#551 = CIRCLE ( 'NONE', #2141, 1.000000000000001776 ) ;
#552 = ORIENTED_EDGE ( 'NONE', *, *, #1667, .F. ) ;
#553 = EDGE_CURVE ( 'NONE', #985, #1281, #24, .T. ) ;
#554 = CARTESIAN_POINT ( 'NONE',  ( -33.48585435481292194, -53.80990642767815046, 1.500000000000000000 ) ) ;
#555 = DIRECTION ( 'NONE',  ( -0.000000000000000000, -0.000000000000000000, -1.000000000000000000 ) ) ;
#556 = CARTESIAN_POINT ( 'NONE',  ( -133.0211380371834480, 63.39009357232186659, 1.500000000000000000 ) ) ;
#557 = CARTESIAN_POINT ( 'NONE',  ( -1.021138037183427771, 57.99009357232187511, 0.000000000000000000 ) ) ;
#558 = EDGE_CURVE ( 'NONE', #2199, #251, #830, .T. ) ;
#559 = DIRECTION ( 'NONE',  ( -1.000000000000000000, 0.000000000000000000, 0.000000000000000000 ) ) ;
#560 = ORIENTED_EDGE ( 'NONE', *, *, #606, .T. ) ;
#561 = EDGE_LOOP ( 'NONE', ( #1144, #680 ) ) ;
#562 = ORIENTED_EDGE ( 'NONE', *, *, #3, .T. ) ;
#563 = DIRECTION ( 'NONE',  ( -0.000000000000000000, -0.000000000000000000, 1.000000000000000000 ) ) ;
#564 = ORIENTED_EDGE ( 'NONE', *, *, #1965, .F. ) ;
#565 = ADVANCED_FACE ( 'NONE', ( #1999 ), #2362, .T. ) ;
#566 = CARTESIAN_POINT ( 'NONE',  ( -108.2211380371834224, -18.97595842767810836, 1.199999999999994404 ) ) ;
#567 = LINE ( 'NONE', #556, #2346 ) ;
#568 = ORIENTED_EDGE ( 'NONE', *, *, #1367, .T. ) ;
#569 = CARTESIAN_POINT ( 'NONE',  ( 14.25053276339293973, -51.40770792073848838, 1.000000000000000000 ) ) ;
#570 = DIRECTION ( 'NONE',  ( -1.000000000000000000, 0.000000000000000000, 0.000000000000000000 ) ) ;
#571 = ORIENTED_EDGE ( 'NONE', *, *, #960, .F. ) ;
#572 = ORIENTED_EDGE ( 'NONE', *, *, #490, .T. ) ;
#573 = EDGE_CURVE ( 'NONE', #435, #985, #1006, .T. ) ;
#574 = EDGE_CURVE ( 'NONE', #2492, #2571, #917, .T. ) ;
#575 = VERTEX_POINT ( 'NONE', #1232 ) ;
#576 = CARTESIAN_POINT ( 'NONE',  ( 19.25053276339293973, -51.40770792073848838, 2.500000000000000000 ) ) ;
#577 = ORIENTED_EDGE ( 'NONE', *, *, #1045, .T. ) ;
#578 = CARTESIAN_POINT ( 'NONE',  ( -0.02113803718342601584, 57.99009357232187511, 1.499999999999999556 ) ) ;
#579 = CARTESIAN_POINT ( 'NONE',  ( 14.25053276339293973, -51.40770792073848838, 0.000000000000000000 ) ) ;
#580 = AXIS2_PLACEMENT_3D ( 'NONE', #1810, #16, #809 ) ;
#581 = VERTEX_POINT ( 'NONE', #1619 ) ;
#582 = CARTESIAN_POINT ( 'NONE',  ( -116.9751964911650504, -42.76396488165973153, 2.500000000000000000 ) ) ;
#583 = DIRECTION ( 'NONE',  ( -1.000000000000000000, 0.000000000000000000, 0.000000000000000000 ) ) ;
#584 = VECTOR ( 'NONE', #1747, 1000.000000000000000 ) ;
#585 = LINE ( 'NONE', #1990, #1415 ) ;
#586 = ORIENTED_EDGE ( 'NONE', *, *, #1012, .F. ) ;
#587 = VECTOR ( 'NONE', #2489, 1000.000000000000000 ) ;
#588 = CIRCLE ( 'NONE', #2305, 2.999999999999999112 ) ;
#589 = VERTEX_POINT ( 'NONE', #2203 ) ;
#590 = DIRECTION ( 'NONE',  ( 0.000000000000000000, 0.000000000000000000, -1.000000000000000000 ) ) ;
#591 = EDGE_CURVE ( 'NONE', #178, #2292, #1301, .T. ) ;
#592 = ORIENTED_EDGE ( 'NONE', *, *, #1290, .T. ) ;
#593 = VECTOR ( 'NONE', #874, 1000.000000000000000 ) ;
#594 = AXIS2_PLACEMENT_3D ( 'NONE', #979, #2589, #1778 ) ;
#595 = FACE_OUTER_BOUND ( 'NONE', #2046, .T. ) ;
#596 = DIRECTION ( 'NONE',  ( 0.000000000000000000, 0.000000000000000000, -1.000000000000000000 ) ) ;
#597 = ORIENTED_EDGE ( 'NONE', *, *, #1456, .T. ) ;
#598 = DIRECTION ( 'NONE',  ( -1.000000000000000000, 0.000000000000000000, 0.000000000000000000 ) ) ;
#599 = DIRECTION ( 'NONE',  ( -1.000000000000000000, 0.000000000000000000, 0.000000000000000000 ) ) ;
#600 = EDGE_CURVE ( 'NONE', #2538, #2492, #982, .T. ) ;
#601 = LINE ( 'NONE', #403, #1752 ) ;
#602 = ORIENTED_EDGE ( 'NONE', *, *, #1148, .F. ) ;
#603 = EDGE_LOOP ( 'NONE', ( #977, #1255, #1155, #61 ) ) ;
#604 = DIRECTION ( 'NONE',  ( 1.595907741164502511E-16, -1.000000000000000000, 0.000000000000000000 ) ) ;
#605 = ORIENTED_EDGE ( 'NONE', *, *, #822, .F. ) ;
#606 = EDGE_CURVE ( 'NONE', #615, #235, #501, .T. ) ;
#607 = DIRECTION ( 'NONE',  ( -1.000000000000000000, 0.000000000000000000, 0.000000000000000000 ) ) ;
#608 = CARTESIAN_POINT ( 'NONE',  ( 23.97886196281656623, -73.25990642767810357, 1.499999999999999556 ) ) ;
#609 = VERTEX_POINT ( 'NONE', #780 ) ;
#610 = CARTESIAN_POINT ( 'NONE',  ( -3.221138037183427727, 57.99009357232187511, 0.000000000000000000 ) ) ;
#611 = DIRECTION ( 'NONE',  ( -1.000000000000000000, 0.000000000000000000, 0.000000000000000000 ) ) ;
#612 = DIRECTION ( 'NONE',  ( -0.000000000000000000, -0.000000000000000000, 1.000000000000000000 ) ) ;
#613 = ORIENTED_EDGE ( 'NONE', *, *, #1864, .T. ) ;
#614 = ORIENTED_EDGE ( 'NONE', *, *, #1609, .F. ) ;
#615 = VERTEX_POINT ( 'NONE', #582 ) ;
#616 = DIRECTION ( 'NONE',  ( -0.000000000000000000, -0.000000000000000000, -1.000000000000000000 ) ) ;
#617 = FACE_OUTER_BOUND ( 'NONE', #2033, .T. ) ;
#618 = ORIENTED_EDGE ( 'NONE', *, *, #198, .F. ) ;
#619 = FACE_OUTER_BOUND ( 'NONE', #1941, .T. ) ;
#620 = ADVANCED_FACE ( 'NONE', ( #794 ), #1592, .F. ) ;
#621 = DIRECTION ( 'NONE',  ( -1.595907741164502757E-16, 1.000000000000000000, -0.000000000000000000 ) ) ;
#622 = AXIS2_PLACEMENT_3D ( 'NONE', #996, #1410, #1398 ) ;
#623 = ADVANCED_FACE ( 'NONE', ( #12 ), #2405, .T. ) ;
#624 = AXIS2_PLACEMENT_3D ( 'NONE', #1911, #753, #2118 ) ;
#625 = CARTESIAN_POINT ( 'NONE',  ( -107.2211380371834224, -18.97595842767810836, 1.499999999999999556 ) ) ;
#626 = VERTEX_POINT ( 'NONE', #818 ) ;
#627 = CIRCLE ( 'NONE', #836, 1.000000000000000888 ) ;
#628 = VERTEX_POINT ( 'NONE', #2416 ) ;
#629 = ORIENTED_EDGE ( 'NONE', *, *, #1552, .F. ) ;
#630 = CIRCLE ( 'NONE', #309, 0.9999999999999974465 ) ;
#631 = AXIS2_PLACEMENT_3D ( 'NONE', #2098, #1291, #669 ) ;
#632 = ADVANCED_FACE ( 'NONE', ( #638 ), #1256, .T. ) ;
#633 = DIRECTION ( 'NONE',  ( 0.000000000000000000, 0.000000000000000000, 1.000000000000000000 ) ) ;
#634 = CARTESIAN_POINT ( 'NONE',  ( -12.00508603718342115, -60.25990642767807515, 1.200000000000001510 ) ) ;
#635 = DIRECTION ( 'NONE',  ( -1.000000000000000000, 0.000000000000000000, 0.000000000000000000 ) ) ;
#636 = VECTOR ( 'NONE', #296, 999.9999999999998863 ) ;
#637 = ORIENTED_EDGE ( 'NONE', *, *, #190, .F. ) ;
#638 = FACE_OUTER_BOUND ( 'NONE', #1531, .T. ) ;
#639 = CARTESIAN_POINT ( 'NONE',  ( 27.75135478318943072, -84.53211559503242256, 0.000000000000000000 ) ) ;
#640 = VECTOR ( 'NONE', #480, 999.9999999999998863 ) ;
#641 = EDGE_CURVE ( 'NONE', #1640, #2242, #1756, .T. ) ;
#642 = LINE ( 'NONE', #1424, #2047 ) ;
#643 = EDGE_LOOP ( 'NONE', ( #108, #461 ) ) ;
#644 = ORIENTED_EDGE ( 'NONE', *, *, #1359, .F. ) ;
#645 = ORIENTED_EDGE ( 'NONE', *, *, #2160, .F. ) ;
#646 = DIRECTION ( 'NONE',  ( 0.7071067811865479058, 8.659560562354937789E-17, -0.7071067811865472397 ) ) ;
#647 = DIRECTION ( 'NONE',  ( 0.000000000000000000, 0.000000000000000000, -1.000000000000000000 ) ) ;
#648 = DIRECTION ( 'NONE',  ( -1.000000000000000000, 0.000000000000000000, 0.000000000000000000 ) ) ;
#649 = VERTEX_POINT ( 'NONE', #483 ) ;
#650 = CARTESIAN_POINT ( 'NONE',  ( 22.97886196281656623, -73.25990642767810357, 0.000000000000000000 ) ) ;
#651 = CARTESIAN_POINT ( 'NONE',  ( 14.25053276339293973, -51.40770792073848838, 1.000000000000000000 ) ) ;
#652 = CARTESIAN_POINT ( 'NONE',  ( -1.021138037183427771, 57.99009357232187511, 0.000000000000000000 ) ) ;
#653 = FACE_OUTER_BOUND ( 'NONE', #2366, .T. ) ;
#654 = ORIENTED_EDGE ( 'NONE', *, *, #2146, .F. ) ;
#655 = UNCERTAINTY_MEASURE_WITH_UNIT (LENGTH_MEASURE( 1.000000000000000082E-05 ), #919, 'distance_accuracy_value', 'NONE');
#656 = ORIENTED_EDGE ( 'NONE', *, *, #432, .T. ) ;
#657 = EDGE_CURVE ( 'NONE', #1814, #1914, #1092, .T. ) ;
#658 = EDGE_LOOP ( 'NONE', ( #316, #2385, #656, #571 ) ) ;
#659 = EDGE_CURVE ( 'NONE', #708, #1457, #1489, .T. ) ;
#660 = DIRECTION ( 'NONE',  ( -0.000000000000000000, -0.000000000000000000, -1.000000000000000000 ) ) ;
#661 = DIRECTION ( 'NONE',  ( -1.000000000000000000, 0.000000000000000000, 0.000000000000000000 ) ) ;
#662 = CYLINDRICAL_SURFACE ( 'NONE', #1637, 4.150000000000000355 ) ;
#663 = EDGE_LOOP ( 'NONE', ( #267, #906, #1286, #855 ) ) ;
#664 = DIRECTION ( 'NONE',  ( -1.000000000000000000, 0.000000000000000000, 0.000000000000000000 ) ) ;
#665 = CARTESIAN_POINT ( 'NONE',  ( -11.00508603718342293, -60.25990642767807515, 1.499999999999999556 ) ) ;
#666 = EDGE_CURVE ( 'NONE', #2242, #1640, #2337, .T. ) ;
#667 = CIRCLE ( 'NONE', #41, 1.000000000000000888 ) ;
#668 = CYLINDRICAL_SURFACE ( 'NONE', #294, 1.000000000000000888 ) ;
#669 = DIRECTION ( 'NONE',  ( 1.000000000000000000, 0.000000000000000000, 0.000000000000000000 ) ) ;
#670 = VERTEX_POINT ( 'NONE', #273 ) ;
#671 = CIRCLE ( 'NONE', #252, 5.000000000000018652 ) ;
#672 = VERTEX_POINT ( 'NONE', #1244 ) ;
#673 = CONICAL_SURFACE ( 'NONE', #209, 2.200000000000000622, 0.7853981633974487231 ) ;
#674 = ADVANCED_FACE ( 'NONE', ( #2070 ), #2382, .F. ) ;
#675 = LINE ( 'NONE', #479, #1342 ) ;
#676 = DIRECTION ( 'NONE',  ( -1.000000000000000000, 0.000000000000000000, 0.000000000000000000 ) ) ;
#677 = CARTESIAN_POINT ( 'NONE',  ( -131.5211380371833911, -53.80990642767815757, 1.500000000000000000 ) ) ;
#678 = VECTOR ( 'NONE', #2359, 1000.000000000000000 ) ;
#679 = EDGE_CURVE ( 'NONE', #1767, #185, #2448, .T. ) ;
#680 = ORIENTED_EDGE ( 'NONE', *, *, #173, .T. ) ;
#681 = CARTESIAN_POINT ( 'NONE',  ( -33.48585435481292194, -56.80990642767815046, 1.500000000000000000 ) ) ;
#682 = DIRECTION ( 'NONE',  ( -0.000000000000000000, -0.000000000000000000, 1.000000000000000000 ) ) ;
#683 = CIRCLE ( 'NONE', #1766, 1.500000000000001332 ) ;
#684 = AXIS2_PLACEMENT_3D ( 'NONE', #2513, #1121, #530 ) ;
#685 = DIRECTION ( 'NONE',  ( 0.000000000000000000, 0.000000000000000000, -1.000000000000000000 ) ) ;
#686 = FACE_BOUND ( 'NONE', #151, .T. ) ;
#687 = ADVANCED_FACE ( 'NONE', ( #261 ), #1885, .F. ) ;
#688 = ORIENTED_EDGE ( 'NONE', *, *, #2491, .F. ) ;
#689 = ORIENTED_EDGE ( 'NONE', *, *, #527, .F. ) ;
#690 = CARTESIAN_POINT ( 'NONE',  ( -131.5211380371833911, -52.30990642767815046, 1.500000000000000000 ) ) ;
#691 = DIRECTION ( 'NONE',  ( -0.000000000000000000, -0.000000000000000000, -1.000000000000000000 ) ) ;
#692 = EDGE_CURVE ( 'NONE', #1407, #2317, #671, .T. ) ;
#693 = EDGE_LOOP ( 'NONE', ( #2590, #1282, #431, #2023 ) ) ;
#694 = DIRECTION ( 'NONE',  ( -1.000000000000000000, 0.000000000000000000, 0.000000000000000000 ) ) ;
#695 = DIRECTION ( 'NONE',  ( -0.7071067811865479058, 0.000000000000000000, -0.7071067811865472397 ) ) ;
#696 = EDGE_CURVE ( 'NONE', #2089, #410, #2096, .T. ) ;
#697 = DIRECTION ( 'NONE',  ( -1.000000000000000000, 0.000000000000000000, 0.000000000000000000 ) ) ;
#698 = CARTESIAN_POINT ( 'NONE',  ( -109.2211380371834224, -18.97595842767810836, 1.199999999999994404 ) ) ;
#699 = ORIENTED_EDGE ( 'NONE', *, *, #392, .T. ) ;
#700 = EDGE_LOOP ( 'NONE', ( #133, #965 ) ) ;
#701 = FACE_BOUND ( 'NONE', #1818, .T. ) ;
#702 = CARTESIAN_POINT ( 'NONE',  ( 46.10670595135977123, -49.73971478099267785, 0.000000000000000000 ) ) ;
#703 = DIRECTION ( 'NONE',  ( 0.000000000000000000, 0.000000000000000000, 1.000000000000000000 ) ) ;
#704 = DIRECTION ( 'NONE',  ( 0.000000000000000000, 0.000000000000000000, -1.000000000000000000 ) ) ;
#705 = ADVANCED_FACE ( 'NONE', ( #470 ), #1632, .F. ) ;
#706 = CARTESIAN_POINT ( 'NONE',  ( -131.5211380371834196, 63.39009357232186659, 0.000000000000000000 ) ) ;
#707 = ORIENTED_EDGE ( 'NONE', *, *, #1148, .T. ) ;
#708 = VERTEX_POINT ( 'NONE', #890 ) ;
#709 = AXIS2_PLACEMENT_3D ( 'NONE', #416, #1, #1219 ) ;
#710 = AXIS2_PLACEMENT_3D ( 'NONE', #1384, #1607, #202 ) ;
#711 = FACE_BOUND ( 'NONE', #2252, .T. ) ;
#712 = CARTESIAN_POINT ( 'NONE',  ( 0.000000000000000000, 0.000000000000000000, 0.000000000000000000 ) ) ;
#713 = AXIS2_PLACEMENT_3D ( 'NONE', #1149, #1701, #1727 ) ;
#714 = ADVANCED_FACE ( 'NONE', ( #1691 ), #440, .F. ) ;
#715 = AXIS2_PLACEMENT_3D ( 'NONE', #1896, #1736, #2510 ) ;
#716 = DIRECTION ( 'NONE',  ( -0.000000000000000000, -0.000000000000000000, -1.000000000000000000 ) ) ;
#717 = CARTESIAN_POINT ( 'NONE',  ( -33.48585435481292194, -56.80990642767815046, 0.000000000000000000 ) ) ;
#718 = AXIS2_PLACEMENT_3D ( 'NONE', #1870, #239, #661 ) ;
#719 = AXIS2_PLACEMENT_3D ( 'NONE', #1561, #786, #1601 ) ;
#720 = CARTESIAN_POINT ( 'NONE',  ( -51.02113803718341956, 27.22404157232187316, 10.00000000000000000 ) ) ;
#721 = CARTESIAN_POINT ( 'NONE',  ( 22.97886196281656623, -73.25990642767810357, 10.00000000000000000 ) ) ;
#722 = AXIS2_PLACEMENT_3D ( 'NONE', #2015, #38, #2221 ) ;
#723 = EDGE_CURVE ( 'NONE', #2202, #1926, #963, .T. ) ;
#724 = CIRCLE ( 'NONE', #930, 3.000000000000002665 ) ;
#725 = CARTESIAN_POINT ( 'NONE',  ( 14.25053276339293973, -51.40770792073848838, 2.500000000000000000 ) ) ;
#726 = ORIENTED_EDGE ( 'NONE', *, *, #544, .F. ) ;
#727 = CARTESIAN_POINT ( 'NONE',  ( -21.72473353633744964, -58.88370935134737749, 0.000000000000000000 ) ) ;
#728 = ORIENTED_EDGE ( 'NONE', *, *, #814, .T. ) ;
#729 = DIRECTION ( 'NONE',  ( 0.000000000000000000, 0.000000000000000000, -1.000000000000000000 ) ) ;
#730 = DIRECTION ( 'NONE',  ( -0.7071067811865479058, 0.000000000000000000, -0.7071067811865472397 ) ) ;
#731 = DIRECTION ( 'NONE',  ( 0.000000000000000000, 0.000000000000000000, -1.000000000000000000 ) ) ;
#732 = DIRECTION ( 'NONE',  ( -1.000000000000000000, 0.000000000000000000, 0.000000000000000000 ) ) ;
#733 = ORIENTED_EDGE ( 'NONE', *, *, #1878, .F. ) ;
#734 = EDGE_LOOP ( 'NONE', ( #525, #1268, #2527, #2149 ) ) ;
#735 = ORIENTED_EDGE ( 'NONE', *, *, #1614, .T. ) ;
#736 = DIRECTION ( 'NONE',  ( -0.000000000000000000, -0.000000000000000000, 1.000000000000000000 ) ) ;
#737 = EDGE_CURVE ( 'NONE', #182, #2113, #1214, .T. ) ;
#738 = CARTESIAN_POINT ( 'NONE',  ( -51.02113803718341956, 27.22404157232187316, 0.000000000000000000 ) ) ;
#739 = DIRECTION ( 'NONE',  ( -1.000000000000000000, 0.000000000000000000, 0.000000000000000000 ) ) ;
#740 = FACE_OUTER_BOUND ( 'NONE', #1796, .T. ) ;
#741 = FACE_OUTER_BOUND ( 'NONE', #1611, .T. ) ;
#742 = EDGE_CURVE ( 'NONE', #2207, #1836, #1631, .T. ) ;
#743 = ORIENTED_EDGE ( 'NONE', *, *, #349, .F. ) ;
#744 = ORIENTED_EDGE ( 'NONE', *, *, #1993, .F. ) ;
#745 = ORIENTED_EDGE ( 'NONE', *, *, #2233, .T. ) ;
#746 = AXIS2_PLACEMENT_3D ( 'NONE', #2288, #1078, #1481 ) ;
#747 = CARTESIAN_POINT ( 'NONE',  ( -17.57749771063416588, -65.03209896805283563, 0.000000000000000000 ) ) ;
#748 = AXIS2_PLACEMENT_3D ( 'NONE', #1749, #1201, #1369 ) ;
#749 = EDGE_CURVE ( 'NONE', #972, #626, #2515, .T. ) ;
#750 = DIRECTION ( 'NONE',  ( -0.8660254037844385966, 0.5000000000000001110, -0.000000000000000000 ) ) ;
#751 = DIRECTION ( 'NONE',  ( 0.000000000000000000, 0.000000000000000000, 1.000000000000000000 ) ) ;
#752 = AXIS2_PLACEMENT_3D ( 'NONE', #1672, #2503, #1954 ) ;
#753 = DIRECTION ( 'NONE',  ( -0.000000000000000000, -0.000000000000000000, -1.000000000000000000 ) ) ;
#754 = CYLINDRICAL_SURFACE ( 'NONE', #1513, 1.000000000000000888 ) ;
#755 = VECTOR ( 'NONE', #2049, 1000.000000000000114 ) ;
#756 = AXIS2_PLACEMENT_3D ( 'NONE', #1328, #329, #2293 ) ;
#757 = AXIS2_PLACEMENT_3D ( 'NONE', #2376, #2582, #402 ) ;
#758 = DIRECTION ( 'NONE',  ( -1.000000000000000000, 0.000000000000000000, -0.000000000000000000 ) ) ;
#759 = ORIENTED_EDGE ( 'NONE', *, *, #1485, .F. ) ;
#760 = ADVANCED_FACE ( 'NONE', ( #847 ), #1462, .F. ) ;
#761 = AXIS2_PLACEMENT_3D ( 'NONE', #2038, #2446, #635 ) ;
#762 = ORIENTED_EDGE ( 'NONE', *, *, #498, .T. ) ;
#763 = CARTESIAN_POINT ( 'NONE',  ( 14.25053276339293973, -51.40770792073848838, 1.500000000000000000 ) ) ;
#764 = ORIENTED_EDGE ( 'NONE', *, *, #1751, .F. ) ;
#765 = CARTESIAN_POINT ( 'NONE',  ( -48.82113803718341671, 27.22404157232187316, 0.000000000000000000 ) ) ;
#766 = DIRECTION ( 'NONE',  ( -0.000000000000000000, -0.000000000000000000, -1.000000000000000000 ) ) ;
#767 = VERTEX_POINT ( 'NONE', #137 ) ;
#768 = CARTESIAN_POINT ( 'NONE',  ( 25.17886196281656552, -73.25990642767810357, 0.000000000000000000 ) ) ;
#769 = EDGE_CURVE ( 'NONE', #1773, #2545, #1543, .T. ) ;
#770 = CYLINDRICAL_SURFACE ( 'NONE', #1724, 5.000000000000018652 ) ;
#771 = EDGE_CURVE ( 'NONE', #435, #974, #2298, .T. ) ;
#772 = LINE ( 'NONE', #2325, #957 ) ;
#773 = VERTEX_POINT ( 'NONE', #702 ) ;
#774 = ORIENTED_EDGE ( 'NONE', *, *, #2319, .T. ) ;
#775 = DIRECTION ( 'NONE',  ( -0.000000000000000000, -0.000000000000000000, -1.000000000000000000 ) ) ;
#776 = VERTEX_POINT ( 'NONE', #901 ) ;
#777 = CARTESIAN_POINT ( 'NONE',  ( 18.76868183166512694, -33.95609919637448826, 0.000000000000000000 ) ) ;
#778 = CARTESIAN_POINT ( 'NONE',  ( -50.02113803718341245, 27.22404157232187316, 10.00000000000000000 ) ) ;
#779 = ORIENTED_EDGE ( 'NONE', *, *, #641, .T. ) ;
#780 = CARTESIAN_POINT ( 'NONE',  ( -125.5211380371834480, 51.25614557232186996, 1.200000000000005063 ) ) ;
#781 = LINE ( 'NONE', #1007, #381 ) ;
#782 = EDGE_CURVE ( 'NONE', #589, #1640, #345, .T. ) ;
#783 = DIRECTION ( 'NONE',  ( 0.000000000000000000, 0.000000000000000000, 1.000000000000000000 ) ) ;
#784 = ORIENTED_EDGE ( 'NONE', *, *, #2241, .T. ) ;
#785 = ORIENTED_EDGE ( 'NONE', *, *, #2021, .F. ) ;
#786 = DIRECTION ( 'NONE',  ( -0.000000000000000000, -0.000000000000000000, -1.000000000000000000 ) ) ;
#787 = ORIENTED_EDGE ( 'NONE', *, *, #782, .T. ) ;
#788 = DIRECTION ( 'NONE',  ( 1.000000000000000000, 0.000000000000000000, 0.000000000000000000 ) ) ;
#789 = FACE_OUTER_BOUND ( 'NONE', #1316, .T. ) ;
#790 = EDGE_CURVE ( 'NONE', #2379, #2497, #2212, .T. ) ;
#791 = CLOSED_SHELL ( 'NONE', ( #1329, #1208, #93, #1581, #2137, #1794, #2565, #2373, #1491, #1425, #1551, #2213, #2223, #1131, #1236, #1505, #478, #674, #521, #980, #1602, #350, #467, #515, #620, #2000, #760, #1580, #2324, #1156, #944, #1617, #2157, #687, #2020, #1703, #223, #1400, #2034, #1265, #1500, #875, #2268, #987, #1634, #1105, #2303, #26, #900, #1238, #1908, #1346, #931, #1700, #2152, #406, #1969, #899, #1240, #307, #85, #2414, #192, #1504, #705, #433, #1907, #1406, #714, #1319, #54, #1745, #284, #1123, #1442, #1957, #565, #412, #2109, #623, #632, #1812, #2064, #1937, #154 ) ) ;
#792 = ORIENTED_EDGE ( 'NONE', *, *, #1761, .T. ) ;
#793 = CIRCLE ( 'NONE', #2259, 2.200000000000000178 ) ;
#794 = FACE_OUTER_BOUND ( 'NONE', #693, .T. ) ;
#795 = FACE_OUTER_BOUND ( 'NONE', #1797, .T. ) ;
#796 = FACE_OUTER_BOUND ( 'NONE', #867, .T. ) ;
#797 = CONICAL_SURFACE ( 'NONE', #1927, 2.200000000000000622, 0.7853981633974487231 ) ;
#798 = ORIENTED_EDGE ( 'NONE', *, *, #1413, .T. ) ;
#799 = PRODUCT ( 'BottomPlate_Left', 'BottomPlate_Left', '', ( #1746 ) ) ;
#800 = ORIENTED_EDGE ( 'NONE', *, *, #679, .T. ) ;
#801 = FACE_OUTER_BOUND ( 'NONE', #2176, .T. ) ;
#802 = EDGE_LOOP ( 'NONE', ( #605, #735, #387, #1618 ) ) ;
#803 = VECTOR ( 'NONE', #1715, 1000.000000000000000 ) ;
#804 = AXIS2_PLACEMENT_3D ( 'NONE', #1628, #1395, #229 ) ;
#805 = DIRECTION ( 'NONE',  ( -1.000000000000000000, 0.000000000000000000, 0.000000000000000000 ) ) ;
#806 = DIRECTION ( 'NONE',  ( -0.000000000000000000, -0.000000000000000000, -1.000000000000000000 ) ) ;
#807 = DIRECTION ( 'NONE',  ( -0.7071067811865479058, 0.000000000000000000, -0.7071067811865472397 ) ) ;
#808 = DIRECTION ( 'NONE',  ( 0.000000000000000000, 0.000000000000000000, -1.000000000000000000 ) ) ;
#809 = DIRECTION ( 'NONE',  ( -1.000000000000000000, 0.000000000000000000, 0.000000000000000000 ) ) ;
#810 = ORIENTED_EDGE ( 'NONE', *, *, #485, .F. ) ;
#811 = ORIENTED_EDGE ( 'NONE', *, *, #1393, .F. ) ;
#812 = ORIENTED_EDGE ( 'NONE', *, *, #2127, .F. ) ;
#813 = EDGE_CURVE ( 'NONE', #2045, #2440, #505, .T. ) ;
#814 = EDGE_CURVE ( 'NONE', #1399, #767, #1338, .T. ) ;
#815 = CYLINDRICAL_SURFACE ( 'NONE', #2135, 0.9999999999999974465 ) ;
#816 = CARTESIAN_POINT ( 'NONE',  ( -124.4445175446283258, 54.34710719883609187, 1.000000000000000000 ) ) ;
#817 = ORIENTED_EDGE ( 'NONE', *, *, #950, .T. ) ;
#818 = CARTESIAN_POINT ( 'NONE',  ( -53.22113803718341529, 27.22404157232187316, 0.000000000000000000 ) ) ;
#819 = CARTESIAN_POINT ( 'NONE',  ( 14.25053276339293973, -51.40770792073848838, 2.500000000000000000 ) ) ;
#820 = CYLINDRICAL_SURFACE ( 'NONE', #622, 4.999999999999998224 ) ;
#821 = ORIENTED_EDGE ( 'NONE', *, *, #813, .T. ) ;
#822 = EDGE_CURVE ( 'NONE', #1015, #2134, #1718, .T. ) ;
#823 = ORIENTED_EDGE ( 'NONE', *, *, #956, .T. ) ;
#824 = EDGE_LOOP ( 'NONE', ( #98, #2164, #2182, #2102 ) ) ;
#825 = SURFACE_STYLE_USAGE ( .BOTH. , #449 ) ;
#826 = DIRECTION ( 'NONE',  ( -1.000000000000000000, -9.518373316193909607E-17, -0.000000000000000000 ) ) ;
#827 = LINE ( 'NONE', #778, #1389 ) ;
#828 = EDGE_CURVE ( 'NONE', #589, #266, #373, .T. ) ;
#829 = VERTEX_POINT ( 'NONE', #2142 ) ;
#830 = LINE ( 'NONE', #2183, #1962 ) ;
#831 = LINE ( 'NONE', #2435, #10 ) ;
#832 = AXIS2_PLACEMENT_3D ( 'NONE', #1164, #130, #1325 ) ;
#833 = CIRCLE ( 'NONE', #2210, 2.200000000000000178 ) ;
#834 = CARTESIAN_POINT ( 'NONE',  ( -125.2945175446283343, 54.34710719883609187, 2.500000000000000000 ) ) ;
#835 = ORIENTED_EDGE ( 'NONE', *, *, #2084, .T. ) ;
#836 = AXIS2_PLACEMENT_3D ( 'NONE', #2402, #2214, #213 ) ;
#837 = VERTEX_POINT ( 'NONE', #1120 ) ;
#838 = EDGE_LOOP ( 'NONE', ( #1523, #989, #1419, #1623 ) ) ;
#839 = AXIS2_PLACEMENT_3D ( 'NONE', #871, #1273, #1882 ) ;
#840 = CIRCLE ( 'NONE', #2343, 2.200000000000000622 ) ;
#841 = CIRCLE ( 'NONE', #340, 0.9999999999999974465 ) ;
#842 = FACE_OUTER_BOUND ( 'NONE', #603, .T. ) ;
#843 = CARTESIAN_POINT ( 'NONE',  ( -120.2945175446283201, 54.34710719883609187, 1.000000000000000000 ) ) ;
#844 = LINE ( 'NONE', #1447, #849 ) ;
#845 = AXIS2_PLACEMENT_3D ( 'NONE', #1765, #938, #739 ) ;
#846 = ORIENTED_EDGE ( 'NONE', *, *, #2499, .T. ) ;
#847 = FACE_OUTER_BOUND ( 'NONE', #802, .T. ) ;
#848 = CARTESIAN_POINT ( 'NONE',  ( -121.9751964911650646, -42.76396488165973153, 2.500000000000000000 ) ) ;
#849 = VECTOR ( 'NONE', #1646, 1000.000000000000000 ) ;
#850 = EDGE_CURVE ( 'NONE', #17, #2571, #2311, .T. ) ;
#851 = LINE ( 'NONE', #474, #1503 ) ;
#852 = EDGE_CURVE ( 'NONE', #773, #998, #1310, .T. ) ;
#853 = DIRECTION ( 'NONE',  ( -1.000000000000000000, 0.000000000000000000, 0.000000000000000000 ) ) ;
#854 = ORIENTED_EDGE ( 'NONE', *, *, #277, .T. ) ;
#855 = ORIENTED_EDGE ( 'NONE', *, *, #1477, .T. ) ;
#856 = ORIENTED_EDGE ( 'NONE', *, *, #1302, .T. ) ;
#857 = CARTESIAN_POINT ( 'NONE',  ( -33.22338836423517705, -53.80990642767815046, 1.500000000000000000 ) ) ;
#858 = CARTESIAN_POINT ( 'NONE',  ( -1.021138037183427771, -32.00990642767810357, 0.000000000000000000 ) ) ;
#859 = DIRECTION ( 'NONE',  ( 2.368223175394957977E-16, -1.000000000000000000, -0.000000000000000000 ) ) ;
#860 = ORIENTED_EDGE ( 'NONE', *, *, #1122, .T. ) ;
#861 = CARTESIAN_POINT ( 'NONE',  ( 9.250532763392937952, -51.40770792073848838, 2.500000000000000000 ) ) ;
#862 = CARTESIAN_POINT ( 'NONE',  ( 7.697702870815913201, 51.46008709731700037, 2.500000000000000000 ) ) ;
#863 = CARTESIAN_POINT ( 'NONE',  ( -126.5211380371834622, 51.25614557232186996, 1.499999999999999556 ) ) ;
#864 = FACE_OUTER_BOUND ( 'NONE', #1873, .T. ) ;
#865 = ORIENTED_EDGE ( 'NONE', *, *, #1650, .T. ) ;
#866 = EDGE_CURVE ( 'NONE', #1506, #2509, #921, .T. ) ;
#867 = EDGE_LOOP ( 'NONE', ( #577, #560 ) ) ;
#868 = ORIENTED_EDGE ( 'NONE', *, *, #2499, .F. ) ;
#869 = CARTESIAN_POINT ( 'NONE',  ( -1.021138037183427771, 57.99009357232187511, 10.00000000000000000 ) ) ;
#870 = CARTESIAN_POINT ( 'NONE',  ( 33.54491396281656534, -52.25990642767809646, 0.000000000000000000 ) ) ;
#871 = CARTESIAN_POINT ( 'NONE',  ( -51.02113803718341956, 27.22404157232187316, 10.00000000000000000 ) ) ;
#872 = ORIENTED_EDGE ( 'NONE', *, *, #1180, .F. ) ;
#873 = CARTESIAN_POINT ( 'NONE',  ( 2.697702870815915421, 51.46008709731700037, 1.500000000000000000 ) ) ;
#874 = DIRECTION ( 'NONE',  ( -0.000000000000000000, -0.000000000000000000, -1.000000000000000000 ) ) ;
#875 = ADVANCED_FACE ( 'NONE', ( #1549 ), #146, .F. ) ;
#876 = VECTOR ( 'NONE', #105, 1000.000000000000000 ) ;
#877 = LINE ( 'NONE', #2279, #1209 ) ;
#878 = DIRECTION ( 'NONE',  ( -0.000000000000000000, -0.000000000000000000, -1.000000000000000000 ) ) ;
#879 = AXIS2_PLACEMENT_3D ( 'NONE', #2591, #2014, #411 ) ;
#880 = ORIENTED_EDGE ( 'NONE', *, *, #2186, .T. ) ;
#881 = AXIS2_PLACEMENT_3D ( 'NONE', #937, #1113, #2539 ) ;
#882 = EDGE_CURVE ( 'NONE', #2538, #17, #2261, .T. ) ;
#883 = ORIENTED_EDGE ( 'NONE', *, *, #679, .F. ) ;
#884 = DIRECTION ( 'NONE',  ( -1.000000000000000000, 0.000000000000000000, 0.000000000000000000 ) ) ;
#885 = DIRECTION ( 'NONE',  ( -1.000000000000000000, 0.000000000000000000, 0.000000000000000000 ) ) ;
#886 = CARTESIAN_POINT ( 'NONE',  ( 25.70231667751276561, -85.08115370070909478, 1.500000000000000000 ) ) ;
#887 = AXIS2_PLACEMENT_3D ( 'NONE', #304, #2074, #1903 ) ;
#888 = AXIS2_PLACEMENT_3D ( 'NONE', #140, #1977, #941 ) ;
#889 = VERTEX_POINT ( 'NONE', #2347 ) ;
#890 = CARTESIAN_POINT ( 'NONE',  ( 9.250532763392937952, -51.40770792073848838, 2.500000000000000000 ) ) ;
#891 = CARTESIAN_POINT ( 'NONE',  ( 33.54491396281656534, -52.25990642767809646, 0.000000000000000000 ) ) ;
#892 = CIRCLE ( 'NONE', #1556, 1.000000000000000888 ) ;
#893 = LINE ( 'NONE', #1501, #2004 ) ;
#894 = CYLINDRICAL_SURFACE ( 'NONE', #468, 1.499999999999999556 ) ;
#895 = VERTEX_POINT ( 'NONE', #2320 ) ;
#896 = ORIENTED_EDGE ( 'NONE', *, *, #1714, .T. ) ;
#897 = CARTESIAN_POINT ( 'NONE',  ( 34.74491396281656819, -52.25990642767809646, 10.00000000000000000 ) ) ;
#898 = CARTESIAN_POINT ( 'NONE',  ( -133.0211380371834196, -53.80990642767815757, 1.500000000000000000 ) ) ;
#899 = ADVANCED_FACE ( 'NONE', ( #331 ), #673, .F. ) ;
#900 = ADVANCED_FACE ( 'NONE', ( #1330 ), #1932, .F. ) ;
#901 = CARTESIAN_POINT ( 'NONE',  ( 7.697702870815913201, 51.46008709731700037, 2.500000000000000000 ) ) ;
#902 = CYLINDRICAL_SURFACE ( 'NONE', #1934, 4.150000000000001243 ) ;
#903 = DIRECTION ( 'NONE',  ( -0.8849211017178965077, -0.4657409620533546346, 0.000000000000000000 ) ) ;
#904 = CARTESIAN_POINT ( 'NONE',  ( 20.26868183166513049, -31.35802298502117580, 0.000000000000000000 ) ) ;
#905 = ORIENTED_EDGE ( 'NONE', *, *, #1897, .F. ) ;
#906 = ORIENTED_EDGE ( 'NONE', *, *, #2241, .F. ) ;
#907 = EDGE_CURVE ( 'NONE', #1506, #2207, #909, .T. ) ;
#908 = CARTESIAN_POINT ( 'NONE',  ( -1.021138037183427771, 57.99009357232187511, 0.000000000000000000 ) ) ;
#909 = LINE ( 'NONE', #1535, #2008 ) ;
#910 = FACE_OUTER_BOUND ( 'NONE', #1791, .T. ) ;
#911 = EDGE_CURVE ( 'NONE', #1926, #670, #2330, .T. ) ;
#912 = DIRECTION ( 'NONE',  ( -1.000000000000000000, 0.000000000000000000, 0.000000000000000000 ) ) ;
#913 = FACE_BOUND ( 'NONE', #1276, .T. ) ;
#914 = CARTESIAN_POINT ( 'NONE',  ( -51.02113803718341245, -28.75990642767811067, 10.00000000000000000 ) ) ;
#915 = ORIENTED_EDGE ( 'NONE', *, *, #1594, .F. ) ;
#916 = CIRCLE ( 'NONE', #580, 4.149999999999987033 ) ;
#917 = CIRCLE ( 'NONE', #710, 4.150000000000000355 ) ;
#918 = DIRECTION ( 'NONE',  ( -0.000000000000000000, -0.000000000000000000, -1.000000000000000000 ) ) ;
#919 =( LENGTH_UNIT ( ) NAMED_UNIT ( * ) SI_UNIT ( .MILLI., .METRE. ) );
#920 = ORIENTED_EDGE ( 'NONE', *, *, #141, .F. ) ;
#921 = CIRCLE ( 'NONE', #462, 1.000000000000001776 ) ;
#922 = STYLED_ITEM ( 'NONE', ( #1644 ), #1093 ) ;
#923 = DIRECTION ( 'NONE',  ( 0.000000000000000000, 0.000000000000000000, -1.000000000000000000 ) ) ;
#924 = DIRECTION ( 'NONE',  ( -1.000000000000000000, -1.156482317317870344E-14, 0.000000000000000000 ) ) ;
#925 = CIRCLE ( 'NONE', #258, 1.000000000000000888 ) ;
#926 = AXIS2_PLACEMENT_3D ( 'NONE', #763, #2043, #355 ) ;
#927 = DIRECTION ( 'NONE',  ( -1.000000000000000000, 0.000000000000000000, 0.000000000000000000 ) ) ;
#928 = CARTESIAN_POINT ( 'NONE',  ( -50.02113803718340534, -28.75990642767811067, 10.00000000000000000 ) ) ;
#929 = CIRCLE ( 'NONE', #55, 1.000000000000000888 ) ;
#930 = AXIS2_PLACEMENT_3D ( 'NONE', #717, #321, #924 ) ;
#931 = ADVANCED_FACE ( 'NONE', ( #595 ), #418, .F. ) ;
#932 = CARTESIAN_POINT ( 'NONE',  ( 12.77885684433417701, -22.82722754716082392, 1.500000000000000000 ) ) ;
#933 = ORIENTED_EDGE ( 'NONE', *, *, #1684, .T. ) ;
#934 = ORIENTED_EDGE ( 'NONE', *, *, #136, .T. ) ;
#935 = CARTESIAN_POINT ( 'NONE',  ( -0.02113803718342601584, 57.99009357232187511, 1.199999999999997513 ) ) ;
#936 = DIRECTION ( 'NONE',  ( -1.000000000000000000, 0.000000000000000000, 0.000000000000000000 ) ) ;
#937 = CARTESIAN_POINT ( 'NONE',  ( 11.27885684433416102, 61.89009357232188080, 0.000000000000000000 ) ) ;
#938 = DIRECTION ( 'NONE',  ( 0.000000000000000000, 0.000000000000000000, -1.000000000000000000 ) ) ;
#939 = EDGE_CURVE ( 'NONE', #208, #2260, #1228, .T. ) ;
#940 = FACE_OUTER_BOUND ( 'NONE', #1069, .T. ) ;
#941 = DIRECTION ( 'NONE',  ( -1.000000000000000000, 0.000000000000000000, 0.000000000000000000 ) ) ;
#942 = VERTEX_POINT ( 'NONE', #1379 ) ;
#943 = ORIENTED_EDGE ( 'NONE', *, *, #257, .T. ) ;
#944 = ADVANCED_FACE ( 'NONE', ( #155 ), #408, .F. ) ;
#945 = VERTEX_POINT ( 'NONE', #2371 ) ;
#946 = DIRECTION ( 'NONE',  ( -1.000000000000000000, 0.000000000000000000, 0.000000000000000000 ) ) ;
#947 = DIRECTION ( 'NONE',  ( 1.000000000000000000, 0.000000000000000000, 0.000000000000000000 ) ) ;
#948 = CARTESIAN_POINT ( 'NONE',  ( 2.697702870815915421, 51.46008709731700037, 1.000000000000000000 ) ) ;
#949 = DIRECTION ( 'NONE',  ( 1.000000000000000000, 6.952956280724761381E-17, -0.000000000000000000 ) ) ;
#950 = EDGE_CURVE ( 'NONE', #2498, #1495, #627, .T. ) ;
#951 = CARTESIAN_POINT ( 'NONE',  ( 1.178861962816572406, 57.99009357232187511, 0.000000000000000000 ) ) ;
#952 = DIRECTION ( 'NONE',  ( -1.000000000000000000, 0.000000000000000000, 0.000000000000000000 ) ) ;
#953 = PLANE ( 'NONE',  #157 ) ;
#954 = ORIENTED_EDGE ( 'NONE', *, *, #215, .F. ) ;
#955 = EDGE_LOOP ( 'NONE', ( #2307, #2424, #2442, #1352 ) ) ;
#956 = EDGE_CURVE ( 'NONE', #476, #211, #2479, .T. ) ;
#957 = VECTOR ( 'NONE', #1540, 1000.000000000000000 ) ;
#958 = CYLINDRICAL_SURFACE ( 'NONE', #719, 4.150000000000000355 ) ;
#959 = VECTOR ( 'NONE', #807, 999.9999999999998863 ) ;
#960 = EDGE_CURVE ( 'NONE', #2234, #837, #1764, .T. ) ;
#961 = DIRECTION ( 'NONE',  ( 0.000000000000000000, 0.000000000000000000, -1.000000000000000000 ) ) ;
#962 = PLANE ( 'NONE',  #1018 ) ;
#963 = CIRCLE ( 'NONE', #2425, 0.9999999999999974465 ) ;
#964 = CIRCLE ( 'NONE', #1804, 1.000000000000001776 ) ;
#965 = ORIENTED_EDGE ( 'NONE', *, *, #1065, .T. ) ;
#966 = CARTESIAN_POINT ( 'NONE',  ( -53.22113803718340819, -28.75990642767811067, 0.000000000000000000 ) ) ;
#967 = DIRECTION ( 'NONE',  ( -0.000000000000000000, -0.000000000000000000, -1.000000000000000000 ) ) ;
#968 = CIRCLE ( 'NONE', #1313, 2.200000000000000178 ) ;
#969 = VECTOR ( 'NONE', #2500, 1000.000000000000000 ) ;
#970 = CONICAL_SURFACE ( 'NONE', #1596, 2.200000000000000178, 0.7853981633974487231 ) ;
#971 = ORIENTED_EDGE ( 'NONE', *, *, #1825, .F. ) ;
#972 = VERTEX_POINT ( 'NONE', #765 ) ;
#973 = CIRCLE ( 'NONE', #1269, 5.000000000000000888 ) ;
#974 = VERTEX_POINT ( 'NONE', #578 ) ;
#975 = AXIS2_PLACEMENT_3D ( 'NONE', #1688, #691, #1488 ) ;
#976 = FACE_OUTER_BOUND ( 'NONE', #395, .T. ) ;
#977 = ORIENTED_EDGE ( 'NONE', *, *, #2087, .T. ) ;
#978 = CYLINDRICAL_SURFACE ( 'NONE', #2056, 1.000000000000000888 ) ;
#979 = CARTESIAN_POINT ( 'NONE',  ( -51.02113803718341245, -28.75990642767811067, 0.000000000000000000 ) ) ;
#980 = ADVANCED_FACE ( 'NONE', ( #2179 ), #978, .F. ) ;
#981 = EDGE_LOOP ( 'NONE', ( #1126, #1681, #7, #1185 ) ) ;
#982 = LINE ( 'NONE', #1792, #1629 ) ;
#983 = DIRECTION ( 'NONE',  ( -1.000000000000000000, 0.000000000000000000, 0.000000000000000000 ) ) ;
#984 = CARTESIAN_POINT ( 'NONE',  ( 5.566925133751427168, -73.45597997267998380, 0.000000000000000000 ) ) ;
#985 = VERTEX_POINT ( 'NONE', #1563 ) ;
#986 = ORIENTED_EDGE ( 'NONE', *, *, #1751, .T. ) ;
#987 = ADVANCED_FACE ( 'NONE', ( #186 ), #815, .F. ) ;
#988 = CARTESIAN_POINT ( 'NONE',  ( 22.97886196281656623, -73.25990642767810357, 0.000000000000000000 ) ) ;
#989 = ORIENTED_EDGE ( 'NONE', *, *, #237, .F. ) ;
#990 = DIRECTION ( 'NONE',  ( -0.000000000000000000, -0.000000000000000000, -1.000000000000000000 ) ) ;
#991 = CARTESIAN_POINT ( 'NONE',  ( -13.00508603718341938, -60.25990642767807515, 1.499999999999999556 ) ) ;
#992 = ORIENTED_EDGE ( 'NONE', *, *, #1122, .F. ) ;
#993 = CARTESIAN_POINT ( 'NONE',  ( -1.021138037183427771, 57.99009357232187511, 10.00000000000000000 ) ) ;
#994 = EDGE_CURVE ( 'NONE', #1182, #985, #964, .T. ) ;
#995 = DIRECTION ( 'NONE',  ( 0.9848077530122084644, -0.1736481776669284161, -0.000000000000000000 ) ) ;
#996 = CARTESIAN_POINT ( 'NONE',  ( 2.697702870815915421, 51.46008709731700037, 2.500000000000000000 ) ) ;
#997 = ORIENTED_EDGE ( 'NONE', *, *, #1456, .F. ) ;
#998 = VERTEX_POINT ( 'NONE', #777 ) ;
#999 = CYLINDRICAL_SURFACE ( 'NONE', #2482, 5.000000000000004441 ) ;
#1000 = ORIENTED_EDGE ( 'NONE', *, *, #771, .F. ) ;
#1001 = CIRCLE ( 'NONE', #2511, 1.500000000000001332 ) ;
#1002 = DIRECTION ( 'NONE',  ( -1.000000000000000000, 0.000000000000000000, 0.000000000000000000 ) ) ;
#1003 = DIRECTION ( 'NONE',  ( -1.000000000000000000, 0.000000000000000000, 0.000000000000000000 ) ) ;
#1004 = VECTOR ( 'NONE', #1537, 1000.000000000000000 ) ;
#1005 = EDGE_LOOP ( 'NONE', ( #645, #2171 ) ) ;
#1006 = LINE ( 'NONE', #1176, #1212 ) ;
#1007 = CARTESIAN_POINT ( 'NONE',  ( 12.77885684433416280, 63.39009357232188080, 1.500000000000000000 ) ) ;
#1008 = PRESENTATION_LAYER_ASSIGNMENT (  '', '', ( #922 ) ) ;
#1009 = CARTESIAN_POINT ( 'NONE',  ( -17.57749771063416588, -65.03209896805283563, 1.500000000000000000 ) ) ;
#1010 = AXIS2_PLACEMENT_3D ( 'NONE', #2165, #367, #1171 ) ;
#1011 = ORIENTED_EDGE ( 'NONE', *, *, #363, .F. ) ;
#1012 = EDGE_CURVE ( 'NONE', #615, #2452, #1615, .T. ) ;
#1013 = EDGE_CURVE ( 'NONE', #211, #2498, #1365, .T. ) ;
#1014 = VECTOR ( 'NONE', #1584, 999.9999999999998863 ) ;
#1015 = VERTEX_POINT ( 'NONE', #1972 ) ;
#1016 = EDGE_LOOP ( 'NONE', ( #2485, #1707, #2447, #2276 ) ) ;
#1017 = AXIS2_PLACEMENT_3D ( 'NONE', #1555, #128, #180 ) ;
#1018 = AXIS2_PLACEMENT_3D ( 'NONE', #1933, #2540, #1955 ) ;
#1019 = DIRECTION ( 'NONE',  ( -1.000000000000000000, 0.000000000000000000, 0.000000000000000000 ) ) ;
#1020 = DIRECTION ( 'NONE',  ( -1.000000000000000000, 0.000000000000000000, 0.000000000000000000 ) ) ;
#1021 = EDGE_LOOP ( 'NONE', ( #2039, #2466, #1638, #1414 ) ) ;
#1022 = CARTESIAN_POINT ( 'NONE',  ( 2.697702870815915421, 51.46008709731700037, 2.500000000000000000 ) ) ;
#1023 = CARTESIAN_POINT ( 'NONE',  ( 13.12409353918048538, -24.22445043332088943, 1.500000000000000000 ) ) ;
#1024 = EDGE_CURVE ( 'NONE', #266, #589, #2556, .T. ) ;
#1025 = DIRECTION ( 'NONE',  ( -0.000000000000000000, -0.000000000000000000, -1.000000000000000000 ) ) ;
#1026 = ORIENTED_EDGE ( 'NONE', *, *, #2175, .F. ) ;
#1027 = ORIENTED_EDGE ( 'NONE', *, *, #1676, .T. ) ;
#1028 = EDGE_CURVE ( 'NONE', #1495, #2498, #90, .T. ) ;
#1029 = ORIENTED_EDGE ( 'NONE', *, *, #127, .T. ) ;
#1030 = CARTESIAN_POINT ( 'NONE',  ( -108.2211380371834224, -18.97595842767810836, 0.000000000000000000 ) ) ;
#1031 = DIRECTION ( 'NONE',  ( -1.000000000000000000, 0.000000000000000000, 0.000000000000000000 ) ) ;
#1032 = CARTESIAN_POINT ( 'NONE',  ( -0.02113803718342601584, -32.00990642767810357, 1.199999999999997513 ) ) ;
#1033 = VERTEX_POINT ( 'NONE', #1801 ) ;
#1034 = DIRECTION ( 'NONE',  ( -1.000000000000000000, 0.000000000000000000, 0.000000000000000000 ) ) ;
#1035 = DIRECTION ( 'NONE',  ( -0.7071067811865479058, 0.000000000000000000, -0.7071067811865472397 ) ) ;
#1036 = EDGE_CURVE ( 'NONE', #1822, #581, #1509, .T. ) ;
#1037 = CARTESIAN_POINT ( 'NONE',  ( -121.9751964911650646, -42.76396488165973153, 2.500000000000000000 ) ) ;
#1038 = ORIENTED_EDGE ( 'NONE', *, *, #2294, .T. ) ;
#1039 = ORIENTED_EDGE ( 'NONE', *, *, #591, .F. ) ;
#1040 = ORIENTED_EDGE ( 'NONE', *, *, #1095, .T. ) ;
#1041 = DIRECTION ( 'NONE',  ( 1.000000000000000000, 0.000000000000000000, 0.000000000000000000 ) ) ;
#1042 = CARTESIAN_POINT ( 'NONE',  ( -1.452297129184084934, 51.46008709731700037, 1.000000000000000000 ) ) ;
#1043 = LINE ( 'NONE', #283, #507 ) ;
#1044 = EDGE_CURVE ( 'NONE', #404, #1859, #2301, .T. ) ;
#1045 = EDGE_CURVE ( 'NONE', #235, #615, #1217, .T. ) ;
#1046 = EDGE_LOOP ( 'NONE', ( #2003, #2502, #44, #2455 ) ) ;
#1047 = DIRECTION ( 'NONE',  ( -0.000000000000000000, -0.000000000000000000, -1.000000000000000000 ) ) ;
#1048 = DIRECTION ( 'NONE',  ( -1.000000000000000000, 0.000000000000000000, 0.000000000000000000 ) ) ;
#1049 = CIRCLE ( 'NONE', #1539, 4.149999999999987033 ) ;
#1050 = DIRECTION ( 'NONE',  ( 0.000000000000000000, 0.000000000000000000, -1.000000000000000000 ) ) ;
#1051 = FACE_OUTER_BOUND ( 'NONE', #1829, .T. ) ;
#1052 = EDGE_LOOP ( 'NONE', ( #1892, #1541 ) ) ;
#1053 = AXIS2_PLACEMENT_3D ( 'NONE', #650, #78, #1076 ) ;
#1054 = EDGE_LOOP ( 'NONE', ( #2101, #1335 ) ) ;
#1055 = ORIENTED_EDGE ( 'NONE', *, *, #2341, .T. ) ;
#1056 = VECTOR ( 'NONE', #826, 1000.000000000000000 ) ;
#1057 = VECTOR ( 'NONE', #1577, 1000.000000000000000 ) ;
#1058 = CARTESIAN_POINT ( 'NONE',  ( 19.25053276339293973, -51.40770792073848838, 2.500000000000000000 ) ) ;
#1059 = CARTESIAN_POINT ( 'NONE',  ( -116.9751964911650504, -42.76396488165973153, 1.500000000000000000 ) ) ;
#1060 = DIRECTION ( 'NONE',  ( -0.000000000000000000, -0.000000000000000000, -1.000000000000000000 ) ) ;
#1061 = CIRCLE ( 'NONE', #2437, 1.000000000000000888 ) ;
#1062 = ORIENTED_EDGE ( 'NONE', *, *, #1274, .T. ) ;
#1063 = DIRECTION ( 'NONE',  ( -0.8660254037844388186, 0.4999999999999997224, 0.000000000000000000 ) ) ;
#1064 = CARTESIAN_POINT ( 'NONE',  ( -128.7211380371834366, 51.25614557232186996, 0.000000000000000000 ) ) ;
#1065 = EDGE_CURVE ( 'NONE', #2292, #178, #466, .T. ) ;
#1066 = DIRECTION ( 'NONE',  ( -0.000000000000000000, -0.000000000000000000, -1.000000000000000000 ) ) ;
#1067 = LINE ( 'NONE', #1370, #1308 ) ;
#1068 = EDGE_LOOP ( 'NONE', ( #1835, #1029, #1879, #279 ) ) ;
#1069 = EDGE_LOOP ( 'NONE', ( #399, #1039, #1585, #896 ) ) ;
#1070 = EDGE_LOOP ( 'NONE', ( #2282, #72, #1659, #1598 ) ) ;
#1071 = EDGE_CURVE ( 'NONE', #1805, #889, #86, .T. ) ;
#1072 = DIRECTION ( 'NONE',  ( -0.000000000000000000, -0.000000000000000000, -1.000000000000000000 ) ) ;
#1073 = CARTESIAN_POINT ( 'NONE',  ( -32.96490982181214946, -53.85548316864152696, 0.000000000000000000 ) ) ;
#1074 = PLANE ( 'NONE',  #2106 ) ;
#1075 = ORIENTED_EDGE ( 'NONE', *, *, #2505, .F. ) ;
#1076 = DIRECTION ( 'NONE',  ( -1.000000000000000000, 0.000000000000000000, 0.000000000000000000 ) ) ;
#1077 = LINE ( 'NONE', #2083, #1226 ) ;
#1078 = DIRECTION ( 'NONE',  ( 0.000000000000000000, 0.000000000000000000, -1.000000000000000000 ) ) ;
#1079 = CARTESIAN_POINT ( 'NONE',  ( -126.1251964911650418, -42.76396488165973153, 1.000000000000000000 ) ) ;
#1080 = EDGE_LOOP ( 'NONE', ( #2568, #1127, #1118, #1824 ) ) ;
#1081 = ORIENTED_EDGE ( 'NONE', *, *, #1367, .F. ) ;
#1082 = DIRECTION ( 'NONE',  ( -0.000000000000000000, -0.000000000000000000, 1.000000000000000000 ) ) ;
#1083 = CARTESIAN_POINT ( 'NONE',  ( 12.77885684433417701, -22.82722754716082392, 0.000000000000000000 ) ) ;
#1084 = EDGE_LOOP ( 'NONE', ( #1175, #1267, #2032, #1823 ) ) ;
#1085 = DIRECTION ( 'NONE',  ( -0.4657409620533546346, 0.8849211017178965077, -0.000000000000000000 ) ) ;
#1086 = DIRECTION ( 'NONE',  ( -0.000000000000000000, -0.000000000000000000, -1.000000000000000000 ) ) ;
#1087 = AXIS2_PLACEMENT_3D ( 'NONE', #1821, #1979, #27 ) ;
#1088 = CARTESIAN_POINT ( 'NONE',  ( 20.26868183166513049, -31.35802298502117580, 1.500000000000000000 ) ) ;
#1089 = FACE_BOUND ( 'NONE', #1054, .T. ) ;
#1090 = AXIS2_PLACEMENT_3D ( 'NONE', #993, #231, #371 ) ;
#1091 = ORIENTED_EDGE ( 'NONE', *, *, #1451, .T. ) ;
#1092 = CIRCLE ( 'NONE', #542, 1.000000000000000888 ) ;
#1093 = MANIFOLD_SOLID_BREP ( 'Boss-Extrude2', #791 ) ;
#1094 = ORIENTED_EDGE ( 'NONE', *, *, #1012, .T. ) ;
#1095 = EDGE_CURVE ( 'NONE', #1392, #1362, #1686, .T. ) ;
#1096 = VECTOR ( 'NONE', #2563, 1000.000000000000000 ) ;
#1097 = LINE ( 'NONE', #2546, #1427 ) ;
#1098 = CIRCLE ( 'NONE', #1643, 4.999999999999998224 ) ;
#1099 = DIRECTION ( 'NONE',  ( -2.368223175394957977E-16, 1.000000000000000000, 0.000000000000000000 ) ) ;
#1100 = AXIS2_PLACEMENT_3D ( 'NONE', #1663, #315, #1116 ) ;
#1101 = AXIS2_PLACEMENT_3D ( 'NONE', #2055, #471, #104 ) ;
#1102 = DIRECTION ( 'NONE',  ( -1.000000000000000000, 0.000000000000000000, 0.000000000000000000 ) ) ;
#1103 = LINE ( 'NONE', #2478, #1809 ) ;
#1104 = AXIS2_PLACEMENT_3D ( 'NONE', #1575, #368, #1588 ) ;
#1105 = ADVANCED_FACE ( 'NONE', ( #2066 ), #269, .F. ) ;
#1106 = VECTOR ( 'NONE', #1458, 1000.000000000000000 ) ;
#1107 = DIRECTION ( 'NONE',  ( 0.000000000000000000, 0.000000000000000000, -1.000000000000000000 ) ) ;
#1108 = DIRECTION ( 'NONE',  ( -0.000000000000000000, -0.000000000000000000, -1.000000000000000000 ) ) ;
#1109 = ORIENTED_EDGE ( 'NONE', *, *, #2434, .F. ) ;
#1110 = ORIENTED_EDGE ( 'NONE', *, *, #723, .T. ) ;
#1111 = CARTESIAN_POINT ( 'NONE',  ( 1.178861962816572406, 57.99009357232187511, 0.000000000000000000 ) ) ;
#1112 = DIRECTION ( 'NONE',  ( 0.000000000000000000, 0.000000000000000000, 1.000000000000000000 ) ) ;
#1113 = DIRECTION ( 'NONE',  ( 0.000000000000000000, 0.000000000000000000, -1.000000000000000000 ) ) ;
#1114 = PLANE ( 'NONE',  #2486 ) ;
#1115 = CARTESIAN_POINT ( 'NONE',  ( -21.72473353633744964, -58.88370935134737749, 1.500000000000000000 ) ) ;
#1116 = DIRECTION ( 'NONE',  ( -1.000000000000000000, 0.000000000000000000, 0.000000000000000000 ) ) ;
#1117 = EDGE_LOOP ( 'NONE', ( #51, #1094, #2368, #872 ) ) ;
#1118 = ORIENTED_EDGE ( 'NONE', *, *, #1951, .T. ) ;
#1119 = DIRECTION ( 'NONE',  ( -1.000000000000000000, 0.000000000000000000, 0.000000000000000000 ) ) ;
#1120 = CARTESIAN_POINT ( 'NONE',  ( -124.4445175446283258, 54.34710719883609187, 0.000000000000000000 ) ) ;
#1121 = DIRECTION ( 'NONE',  ( -0.000000000000000000, -0.000000000000000000, -1.000000000000000000 ) ) ;
#1122 = EDGE_CURVE ( 'NONE', #476, #1495, #491, .T. ) ;
#1123 = ADVANCED_FACE ( 'NONE', ( #1856 ), #1626, .F. ) ;
#1124 = CARTESIAN_POINT ( 'NONE',  ( 1.178861962816572406, -32.00990642767810357, 0.000000000000000000 ) ) ;
#1125 = DIRECTION ( 'NONE',  ( -0.000000000000000000, -0.000000000000000000, -1.000000000000000000 ) ) ;
#1126 = ORIENTED_EDGE ( 'NONE', *, *, #326, .F. ) ;
#1127 = ORIENTED_EDGE ( 'NONE', *, *, #2490, .F. ) ;
#1128 = AXIS2_PLACEMENT_3D ( 'NONE', #725, #1520, #1557 ) ;
#1129 = CONICAL_SURFACE ( 'NONE', #1800, 2.199999999999993516, 0.7853981633974487231 ) ;
#1130 = EDGE_LOOP ( 'NONE', ( #699, #526 ) ) ;
#1131 = ADVANCED_FACE ( 'NONE', ( #1838 ), #2429, .F. ) ;
#1132 = CARTESIAN_POINT ( 'NONE',  ( -121.9751964911650646, -42.76396488165973153, 1.000000000000000000 ) ) ;
#1133 = ORIENTED_EDGE ( 'NONE', *, *, #1642, .T. ) ;
#1134 = AXIS2_PLACEMENT_3D ( 'NONE', #320, #716, #2549 ) ;
#1135 = CARTESIAN_POINT ( 'NONE',  ( 35.74491396281656819, -52.25990642767809646, 1.499999999999999556 ) ) ;
#1136 = CARTESIAN_POINT ( 'NONE',  ( 13.12409353918048538, -24.22445043332088943, 1.500000000000000000 ) ) ;
#1137 = AXIS2_PLACEMENT_3D ( 'NONE', #1132, #145, #1340 ) ;
#1138 = CYLINDRICAL_SURFACE ( 'NONE', #1378, 2.999999999999999112 ) ;
#1139 = EDGE_CURVE ( 'NONE', #829, #1928, #1826, .T. ) ;
#1140 = CARTESIAN_POINT ( 'NONE',  ( 27.00135478318942006, -85.83115370070909478, 0.000000000000000000 ) ) ;
#1141 = AXIS2_PLACEMENT_3D ( 'NONE', #1499, #287, #494 ) ;
#1142 = CONICAL_SURFACE ( 'NONE', #220, 2.200000000000000622, 0.7853981633974487231 ) ;
#1143 = DIRECTION ( 'NONE',  ( 0.000000000000000000, 0.000000000000000000, -1.000000000000000000 ) ) ;
#1144 = ORIENTED_EDGE ( 'NONE', *, *, #882, .T. ) ;
#1145 = VERTEX_POINT ( 'NONE', #1668 ) ;
#1146 = CARTESIAN_POINT ( 'NONE',  ( -131.5211380371834196, 63.39009357232186659, 1.500000000000000000 ) ) ;
#1147 = DIRECTION ( 'NONE',  ( -0.000000000000000000, -0.000000000000000000, -1.000000000000000000 ) ) ;
#1148 = EDGE_CURVE ( 'NONE', #2545, #1773, #1306, .T. ) ;
#1149 = CARTESIAN_POINT ( 'NONE',  ( -51.02113803718341956, 27.22404157232187316, 1.499999999999999556 ) ) ;
#1150 = FACE_OUTER_BOUND ( 'NONE', #1165, .T. ) ;
#1151 = DIRECTION ( 'NONE',  ( -0.000000000000000000, -0.000000000000000000, -1.000000000000000000 ) ) ;
#1152 = LINE ( 'NONE', #1750, #803 ) ;
#1153 = EDGE_CURVE ( 'NONE', #1773, #1859, #2036, .T. ) ;
#1154 = CARTESIAN_POINT ( 'NONE',  ( 15.77885684433417701, -22.82722754716082392, 1.500000000000000000 ) ) ;
#1155 = ORIENTED_EDGE ( 'NONE', *, *, #1725, .F. ) ;
#1156 = ADVANCED_FACE ( 'NONE', ( #842 ), #2471, .F. ) ;
#1157 = ORIENTED_EDGE ( 'NONE', *, *, #2353, .F. ) ;
#1158 = DIRECTION ( 'NONE',  ( -1.000000000000000000, 0.000000000000000000, 0.000000000000000000 ) ) ;
#1159 = DIRECTION ( 'NONE',  ( -0.000000000000000000, -0.000000000000000000, -1.000000000000000000 ) ) ;
#1160 = CARTESIAN_POINT ( 'NONE',  ( -14.20508603718342222, -60.25990642767807515, 0.000000000000000000 ) ) ;
#1161 = EDGE_LOOP ( 'NONE', ( #197, #562 ) ) ;
#1162 = LINE ( 'NONE', #2541, #333 ) ;
#1163 = DIRECTION ( 'NONE',  ( 0.3420201433256710999, 0.9396926207859075397, 0.000000000000000000 ) ) ;
#1164 = CARTESIAN_POINT ( 'NONE',  ( -131.5211380371834196, 61.89009357232187369, 1.500000000000000000 ) ) ;
#1165 = EDGE_LOOP ( 'NONE', ( #774, #2271 ) ) ;
#1166 = ORIENTED_EDGE ( 'NONE', *, *, #2462, .F. ) ;
#1167 = DIRECTION ( 'NONE',  ( -1.000000000000000000, 0.000000000000000000, 0.000000000000000000 ) ) ;
#1168 = EDGE_CURVE ( 'NONE', #2052, #1243, #2456, .T. ) ;
#1169 = ORIENTED_EDGE ( 'NONE', *, *, #237, .T. ) ;
#1170 = CIRCLE ( 'NONE', #124, 2.999999999999999112 ) ;
#1171 = DIRECTION ( 'NONE',  ( -1.000000000000000000, 0.000000000000000000, 0.000000000000000000 ) ) ;
#1172 = DIRECTION ( 'NONE',  ( -0.000000000000000000, -0.000000000000000000, -1.000000000000000000 ) ) ;
#1173 = AXIS2_PLACEMENT_3D ( 'NONE', #2296, #1344, #2116 ) ;
#1174 = AXIS2_PLACEMENT_3D ( 'NONE', #869, #660, #253 ) ;
#1175 = ORIENTED_EDGE ( 'NONE', *, *, #1642, .F. ) ;
#1176 = CARTESIAN_POINT ( 'NONE',  ( -2.021138037183429326, 57.99009357232187511, 10.00000000000000000 ) ) ;
#1177 = DIRECTION ( 'NONE',  ( -0.000000000000000000, -0.000000000000000000, -1.000000000000000000 ) ) ;
#1178 = CIRCLE ( 'NONE', #167, 5.000000000000000888 ) ;
#1179 = CIRCLE ( 'NONE', #926, 5.000000000000000888 ) ;
#1180 = EDGE_CURVE ( 'NONE', #235, #1706, #675, .T. ) ;
#1181 = CONICAL_SURFACE ( 'NONE', #2390, 2.200000000000000622, 0.7853981633974487231 ) ;
#1182 = VERTEX_POINT ( 'NONE', #935 ) ;
#1183 = ORIENTED_EDGE ( 'NONE', *, *, #1522, .T. ) ;
#1184 = AXIS2_PLACEMENT_3D ( 'NONE', #156, #2550, #2331 ) ;
#1185 = ORIENTED_EDGE ( 'NONE', *, *, #1567, .T. ) ;
#1186 = DIRECTION ( 'NONE',  ( -1.000000000000000000, 0.000000000000000000, -0.000000000000000000 ) ) ;
#1187 = VERTEX_POINT ( 'NONE', #1146 ) ;
#1188 = CARTESIAN_POINT ( 'NONE',  ( -121.9751964911650646, -42.76396488165973153, 2.500000000000000000 ) ) ;
#1189 = DIRECTION ( 'NONE',  ( 0.000000000000000000, 0.000000000000000000, -1.000000000000000000 ) ) ;
#1190 = ORIENTED_EDGE ( 'NONE', *, *, #83, .T. ) ;
#1191 = DIRECTION ( 'NONE',  ( -0.000000000000000000, -0.000000000000000000, -1.000000000000000000 ) ) ;
#1192 = CARTESIAN_POINT ( 'NONE',  ( 18.40053276339293831, -51.40770792073848838, 1.000000000000000000 ) ) ;
#1193 = DIRECTION ( 'NONE',  ( 0.000000000000000000, 0.000000000000000000, -1.000000000000000000 ) ) ;
#1194 = VERTEX_POINT ( 'NONE', #343 ) ;
#1195 = ORIENTED_EDGE ( 'NONE', *, *, #866, .T. ) ;
#1196 = DIRECTION ( 'NONE',  ( -1.000000000000000000, -1.595907741164502511E-16, 0.000000000000000000 ) ) ;
#1197 = EDGE_LOOP ( 'NONE', ( #1565, #1884 ) ) ;
#1198 = DIRECTION ( 'NONE',  ( 0.1736481776669283883, 0.9848077530122084644, -0.000000000000000000 ) ) ;
#1199 = LINE ( 'NONE', #33, #473 ) ;
#1200 = EDGE_LOOP ( 'NONE', ( #1664, #2572, #1743, #915 ) ) ;
#1201 = DIRECTION ( 'NONE',  ( 0.000000000000000000, 0.000000000000000000, -1.000000000000000000 ) ) ;
#1202 = CARTESIAN_POINT ( 'NONE',  ( -110.4211380371834110, -18.97595842767810836, 0.000000000000000000 ) ) ;
#1203 = EDGE_CURVE ( 'NONE', #575, #670, #1968, .T. ) ;
#1204 = CARTESIAN_POINT ( 'NONE',  ( -20.39657557299188184, -64.00603853807582766, 0.000000000000000000 ) ) ;
#1205 = EDGE_LOOP ( 'NONE', ( #586, #341, #407, #934 ) ) ;
#1206 = ORIENTED_EDGE ( 'NONE', *, *, #994, .T. ) ;
#1207 = ORIENTED_EDGE ( 'NONE', *, *, #35, .F. ) ;
#1208 = ADVANCED_FACE ( 'NONE', ( #2345 ), #2105, .T. ) ;
#1209 = VECTOR ( 'NONE', #1066, 1000.000000000000000 ) ;
#1210 = CARTESIAN_POINT ( 'NONE',  ( -107.2211380371834224, -18.97595842767810836, 10.00000000000000000 ) ) ;
#1211 = CARTESIAN_POINT ( 'NONE',  ( 34.74491396281656819, -52.25990642767809646, 1.499999999999999556 ) ) ;
#1212 = VECTOR ( 'NONE', #1191, 1000.000000000000000 ) ;
#1213 = ORIENTED_EDGE ( 'NONE', *, *, #334, .T. ) ;
#1214 = CIRCLE ( 'NONE', #162, 4.999999999999998224 ) ;
#1215 = DIRECTION ( 'NONE',  ( -0.000000000000000000, -0.000000000000000000, -1.000000000000000000 ) ) ;
#1216 = CYLINDRICAL_SURFACE ( 'NONE', #722, 4.149999999999987033 ) ;
#1217 = CIRCLE ( 'NONE', #375, 5.000000000000004441 ) ;
#1218 = EDGE_CURVE ( 'NONE', #117, #829, #1590, .T. ) ;
#1219 = DIRECTION ( 'NONE',  ( -1.000000000000000000, 0.000000000000000000, 0.000000000000000000 ) ) ;
#1220 = AXIS2_PLACEMENT_3D ( 'NONE', #1511, #1147, #120 ) ;
#1221 = AXIS2_PLACEMENT_3D ( 'NONE', #2575, #2174, #1186 ) ;
#1222 = EDGE_LOOP ( 'NONE', ( #1353, #421 ) ) ;
#1223 = VECTOR ( 'NONE', #1177, 1000.000000000000000 ) ;
#1224 = EDGE_LOOP ( 'NONE', ( #1075, #821, #11, #792 ) ) ;
#1225 = ORIENTED_EDGE ( 'NONE', *, *, #14, .T. ) ;
#1226 = VECTOR ( 'NONE', #1886, 1000.000000000000000 ) ;
#1227 = AXIS2_PLACEMENT_3D ( 'NONE', #843, #647, #1446 ) ;
#1228 = LINE ( 'NONE', #1394, #1420 ) ;
#1229 = DIRECTION ( 'NONE',  ( -1.000000000000000000, 0.000000000000000000, 0.000000000000000000 ) ) ;
#1230 = DIRECTION ( 'NONE',  ( -0.000000000000000000, -0.000000000000000000, 1.000000000000000000 ) ) ;
#1231 = ORIENTED_EDGE ( 'NONE', *, *, #1139, .F. ) ;
#1232 = CARTESIAN_POINT ( 'NONE',  ( -13.00508603718341938, -60.25990642767807515, 1.200000000000001510 ) ) ;
#1233 = DIRECTION ( 'NONE',  ( -1.000000000000000000, 0.000000000000000000, 0.000000000000000000 ) ) ;
#1234 = DIRECTION ( 'NONE',  ( -0.000000000000000000, -0.000000000000000000, -1.000000000000000000 ) ) ;
#1235 = EDGE_LOOP ( 'NONE', ( #865, #572, #1558, #1461 ) ) ;
#1236 = ADVANCED_FACE ( 'NONE', ( #1708 ), #797, .F. ) ;
#1237 = ORIENTED_EDGE ( 'NONE', *, *, #659, .F. ) ;
#1238 = ADVANCED_FACE ( 'NONE', ( #2309 ), #110, .F. ) ;
#1239 = ORIENTED_EDGE ( 'NONE', *, *, #790, .F. ) ;
#1240 = ADVANCED_FACE ( 'NONE', ( #1942 ), #2011, .F. ) ;
#1241 = CARTESIAN_POINT ( 'NONE',  ( -12.00508603718342115, -60.25990642767807515, 0.000000000000000000 ) ) ;
#1242 = CARTESIAN_POINT ( 'NONE',  ( -127.5211380371834622, 51.25614557232186996, 10.00000000000000000 ) ) ;
#1243 = VERTEX_POINT ( 'NONE', #1524 ) ;
#1244 = CARTESIAN_POINT ( 'NONE',  ( 17.61391852651143708, -32.75524587118123776, 1.500000000000000000 ) ) ;
#1245 = CARTESIAN_POINT ( 'NONE',  ( -33.22338836423517705, -53.80990642767815046, 1.500000000000000000 ) ) ;
#1246 = CYLINDRICAL_SURFACE ( 'NONE', #2208, 1.500000000000001332 ) ;
#1247 = CYLINDRICAL_SURFACE ( 'NONE', #1472, 2.999999999999999112 ) ;
#1248 = ORIENTED_EDGE ( 'NONE', *, *, #1842, .F. ) ;
#1249 = VERTEX_POINT ( 'NONE', #1111 ) ;
#1250 = EDGE_LOOP ( 'NONE', ( #194, #118 ) ) ;
#1251 = EDGE_CURVE ( 'NONE', #1822, #169, #1916, .T. ) ;
#1252 =( NAMED_UNIT ( * ) SI_UNIT ( $, .STERADIAN. ) SOLID_ANGLE_UNIT ( ) );
#1253 = CARTESIAN_POINT ( 'NONE',  ( -52.02113803718341245, -28.75990642767811067, 1.200000000000001510 ) ) ;
#1254 = CARTESIAN_POINT ( 'NONE',  ( 5.566925133751427168, -73.45597997267998380, 1.500000000000000000 ) ) ;
#1255 = ORIENTED_EDGE ( 'NONE', *, *, #1336, .T. ) ;
#1256 = PLANE ( 'NONE',  #2514 ) ;
#1257 = FACE_OUTER_BOUND ( 'NONE', #1080, .T. ) ;
#1258 = VECTOR ( 'NONE', #1025, 1000.000000000000000 ) ;
#1259 = AXIS2_PLACEMENT_3D ( 'NONE', #1935, #2569, #1566 ) ;
#1260 = DIRECTION ( 'NONE',  ( -1.000000000000000000, 0.000000000000000000, 0.000000000000000000 ) ) ;
#1261 = CARTESIAN_POINT ( 'NONE',  ( -0.02113803718342601584, -32.00990642767810357, 1.499999999999999556 ) ) ;
#1262 = ORIENTED_EDGE ( 'NONE', *, *, #2365, .F. ) ;
#1263 = UNCERTAINTY_MEASURE_WITH_UNIT (LENGTH_MEASURE( 1.000000000000000082E-05 ), #2078, 'distance_accuracy_value', 'NONE');
#1264 = AXIS2_PLACEMENT_3D ( 'NONE', #52, #453, #664 ) ;
#1265 = ADVANCED_FACE ( 'NONE', ( #711, #2123, #1720, #1510, #1906, #516, #537, #1318, #135, #2115, #2318, #701, #318, #1698 ), #528, .F. ) ;
#1266 = VECTOR ( 'NONE', #1744, 1000.000000000000000 ) ;
#1267 = ORIENTED_EDGE ( 'NONE', *, *, #1274, .F. ) ;
#1268 = ORIENTED_EDGE ( 'NONE', *, *, #1965, .T. ) ;
#1269 = AXIS2_PLACEMENT_3D ( 'NONE', #1858, #102, #2091 ) ;
#1270 = AXIS2_PLACEMENT_3D ( 'NONE', #394, #1196, #604 ) ;
#1271 = DIRECTION ( 'NONE',  ( -0.3420201433256710444, -0.9396926207859075397, -0.000000000000000000 ) ) ;
#1272 = CARTESIAN_POINT ( 'NONE',  ( -1.452297129184084934, 51.46008709731700037, 0.000000000000000000 ) ) ;
#1273 = DIRECTION ( 'NONE',  ( -0.000000000000000000, -0.000000000000000000, -1.000000000000000000 ) ) ;
#1274 = EDGE_CURVE ( 'NONE', #338, #2397, #422, .T. ) ;
#1275 = CIRCLE ( 'NONE', #2562, 4.150000000000001243 ) ;
#1276 = EDGE_LOOP ( 'NONE', ( #42, #77 ) ) ;
#1277 = DIRECTION ( 'NONE',  ( -1.000000000000000000, 0.000000000000000000, 0.000000000000000000 ) ) ;
#1278 = FACE_OUTER_BOUND ( 'NONE', #2533, .T. ) ;
#1279 = CARTESIAN_POINT ( 'NONE',  ( -51.02113803718341245, -28.75990642767811067, 10.00000000000000000 ) ) ;
#1280 = DIRECTION ( 'NONE',  ( -0.000000000000000000, -0.000000000000000000, 1.000000000000000000 ) ) ;
#1281 = VERTEX_POINT ( 'NONE', #295 ) ;
#1282 = ORIENTED_EDGE ( 'NONE', *, *, #907, .T. ) ;
#1283 = CARTESIAN_POINT ( 'NONE',  ( -18.72473353633744964, -58.88370935134737749, 1.500000000000000000 ) ) ;
#1284 = LINE ( 'NONE', #2231, #1056 ) ;
#1285 = LINE ( 'NONE', #1871, #1770 ) ;
#1286 = ORIENTED_EDGE ( 'NONE', *, *, #384, .T. ) ;
#1287 = CARTESIAN_POINT ( 'NONE',  ( -126.5211380371834622, 51.25614557232186996, 1.499999999999999556 ) ) ;
#1288 = CARTESIAN_POINT ( 'NONE',  ( -121.9751964911650646, -42.76396488165973153, 1.500000000000000000 ) ) ;
#1289 = FACE_OUTER_BOUND ( 'NONE', #1200, .T. ) ;
#1290 = EDGE_CURVE ( 'NONE', #1640, #626, #1097, .T. ) ;
#1291 = DIRECTION ( 'NONE',  ( 0.000000000000000000, 0.000000000000000000, 1.000000000000000000 ) ) ;
#1292 = EDGE_LOOP ( 'NONE', ( #1600, #1317 ) ) ;
#1293 = VERTEX_POINT ( 'NONE', #747 ) ;
#1294 = DIRECTION ( 'NONE',  ( -1.000000000000000000, 0.000000000000000000, 0.000000000000000000 ) ) ;
#1295 = CARTESIAN_POINT ( 'NONE',  ( -115.2945175446283201, 54.34710719883609187, 2.500000000000000000 ) ) ;
#1296 = EDGE_CURVE ( 'NONE', #2134, #292, #1545, .T. ) ;
#1297 = CARTESIAN_POINT ( 'NONE',  ( 2.697702870815915421, 51.46008709731700037, 2.500000000000000000 ) ) ;
#1298 = DIRECTION ( 'NONE',  ( -1.000000000000000000, 0.000000000000000000, 0.000000000000000000 ) ) ;
#1299 = DIRECTION ( 'NONE',  ( 0.7071067811865479058, 8.659560562354937789E-17, -0.7071067811865472397 ) ) ;
#1300 = FACE_OUTER_BOUND ( 'NONE', #2391, .T. ) ;
#1301 = CIRCLE ( 'NONE', #159, 5.000000000000004441 ) ;
#1302 = EDGE_CURVE ( 'NONE', #1987, #1723, #1891, .T. ) ;
#1303 = ORIENTED_EDGE ( 'NONE', *, *, #2381, .F. ) ;
#1304 = AXIS2_PLACEMENT_3D ( 'NONE', #1449, #1874, #1063 ) ;
#1305 = ORIENTED_EDGE ( 'NONE', *, *, #2400, .T. ) ;
#1306 = CIRCLE ( 'NONE', #165, 1.000000000000000888 ) ;
#1307 = DIRECTION ( 'NONE',  ( -0.000000000000000000, -0.000000000000000000, -1.000000000000000000 ) ) ;
#1308 = VECTOR ( 'NONE', #1348, 1000.000000000000000 ) ;
#1309 = VECTOR ( 'NONE', #695, 999.9999999999998863 ) ;
#1310 = LINE ( 'NONE', #1737, #2053 ) ;
#1311 = CARTESIAN_POINT ( 'NONE',  ( -127.5211380371834622, 51.25614557232186996, 1.200000000000005063 ) ) ;
#1312 = CIRCLE ( 'NONE', #845, 2.999999999999999112 ) ;
#1313 = AXIS2_PLACEMENT_3D ( 'NONE', #858, #464, #270 ) ;
#1314 = CARTESIAN_POINT ( 'NONE',  ( -120.2945175446283201, 54.34710719883609187, 0.000000000000000000 ) ) ;
#1315 = FACE_BOUND ( 'NONE', #1665, .T. ) ;
#1316 = EDGE_LOOP ( 'NONE', ( #1339, #1377, #2229, #1573 ) ) ;
#1317 = ORIENTED_EDGE ( 'NONE', *, *, #1825, .T. ) ;
#1318 = FACE_BOUND ( 'NONE', #1582, .T. ) ;
#1319 = ADVANCED_FACE ( 'NONE', ( #1391 ), #958, .F. ) ;
#1320 = SHAPE_DEFINITION_REPRESENTATION ( #400, #353 ) ;
#1321 = CARTESIAN_POINT ( 'NONE',  ( -11.00508603718342293, -60.25990642767807515, 10.00000000000000000 ) ) ;
#1322 = CYLINDRICAL_SURFACE ( 'NONE', #383, 0.9999999999999974465 ) ;
#1323 = LINE ( 'NONE', #966, #415 ) ;
#1324 = DIRECTION ( 'NONE',  ( -0.000000000000000000, -0.000000000000000000, -1.000000000000000000 ) ) ;
#1325 = DIRECTION ( 'NONE',  ( -1.000000000000000000, 0.000000000000000000, 0.000000000000000000 ) ) ;
#1326 = ORIENTED_EDGE ( 'NONE', *, *, #2439, .T. ) ;
#1327 = ORIENTED_EDGE ( 'NONE', *, *, #994, .F. ) ;
#1328 = CARTESIAN_POINT ( 'NONE',  ( 0.000000000000000000, 0.000000000000000000, 1.500000000000000000 ) ) ;
#1329 = ADVANCED_FACE ( 'NONE', ( #1402 ), #999, .T. ) ;
#1330 = FACE_OUTER_BOUND ( 'NONE', #1437, .T. ) ;
#1331 = DIRECTION ( 'NONE',  ( 0.000000000000000000, 0.000000000000000000, 1.000000000000000000 ) ) ;
#1332 = DIRECTION ( 'NONE',  ( -0.000000000000000000, -0.000000000000000000, -1.000000000000000000 ) ) ;
#1333 = CYLINDRICAL_SURFACE ( 'NONE', #132, 1.000000000000001776 ) ;
#1334 = ORIENTED_EDGE ( 'NONE', *, *, #1761, .F. ) ;
#1335 = ORIENTED_EDGE ( 'NONE', *, *, #2422, .F. ) ;
#1336 = EDGE_CURVE ( 'NONE', #352, #1682, #1572, .T. ) ;
#1337 = AXIS2_PLACEMENT_3D ( 'NONE', #1528, #1151, #927 ) ;
#1338 = CIRCLE ( 'NONE', #881, 1.499999999999999556 ) ;
#1339 = ORIENTED_EDGE ( 'NONE', *, *, #1036, .F. ) ;
#1340 = DIRECTION ( 'NONE',  ( -1.000000000000000000, 0.000000000000000000, 0.000000000000000000 ) ) ;
#1341 = DIRECTION ( 'NONE',  ( -0.000000000000000000, -0.000000000000000000, -1.000000000000000000 ) ) ;
#1342 = VECTOR ( 'NONE', #2138, 1000.000000000000000 ) ;
#1343 = CIRCLE ( 'NONE', #2431, 2.200000000000000622 ) ;
#1344 = DIRECTION ( 'NONE',  ( -0.000000000000000000, -0.000000000000000000, 1.000000000000000000 ) ) ;
#1345 = LINE ( 'NONE', #2360, #1689 ) ;
#1346 = ADVANCED_FACE ( 'NONE', ( #2357 ), #2267, .F. ) ;
#1347 = DIRECTION ( 'NONE',  ( 0.000000000000000000, 0.000000000000000000, -1.000000000000000000 ) ) ;
#1348 = DIRECTION ( 'NONE',  ( -0.000000000000000000, -0.000000000000000000, 1.000000000000000000 ) ) ;
#1349 = CIRCLE ( 'NONE', #1429, 1.000000000000001776 ) ;
#1350 = CIRCLE ( 'NONE', #804, 3.000000000000002665 ) ;
#1351 = ORIENTED_EDGE ( 'NONE', *, *, #666, .F. ) ;
#1352 = ORIENTED_EDGE ( 'NONE', *, *, #2364, .T. ) ;
#1353 = ORIENTED_EDGE ( 'NONE', *, *, #1477, .F. ) ;
#1354 = CARTESIAN_POINT ( 'NONE',  ( -126.5211380371834622, 51.25614557232186996, 1.200000000000005063 ) ) ;
#1355 = DIRECTION ( 'NONE',  ( -1.000000000000000000, 0.000000000000000000, 0.000000000000000000 ) ) ;
#1356 = LINE ( 'NONE', #147, #1813 ) ;
#1357 = DIRECTION ( 'NONE',  ( -1.000000000000000000, 0.000000000000000000, 0.000000000000000000 ) ) ;
#1358 = DIRECTION ( 'NONE',  ( -1.000000000000000000, 0.000000000000000000, 0.000000000000000000 ) ) ;
#1359 = EDGE_CURVE ( 'NONE', #2399, #185, #2387, .T. ) ;
#1360 = CARTESIAN_POINT ( 'NONE',  ( -51.02113803718341245, -28.75990642767811067, 1.499999999999999556 ) ) ;
#1361 = VERTEX_POINT ( 'NONE', #1376 ) ;
#1362 = VERTEX_POINT ( 'NONE', #2560 ) ;
#1363 = CARTESIAN_POINT ( 'NONE',  ( -16.55143728065714726, -62.21302110569511967, 1.500000000000000000 ) ) ;
#1364 = EDGE_LOOP ( 'NONE', ( #1110, #2522 ) ) ;
#1365 = LINE ( 'NONE', #1210, #678 ) ;
#1366 = CARTESIAN_POINT ( 'NONE',  ( -126.5211380371834622, 51.25614557232186996, 0.000000000000000000 ) ) ;
#1367 = EDGE_CURVE ( 'NONE', #1457, #1362, #1179, .T. ) ;
#1368 = ORIENTED_EDGE ( 'NONE', *, *, #226, .F. ) ;
#1369 = DIRECTION ( 'NONE',  ( -1.000000000000000000, 0.000000000000000000, 0.000000000000000000 ) ) ;
#1370 = CARTESIAN_POINT ( 'NONE',  ( 18.76868183166512694, -33.95609919637448826, 1.500000000000000000 ) ) ;
#1371 = FACE_OUTER_BOUND ( 'NONE', #561, .T. ) ;
#1372 = ORIENTED_EDGE ( 'NONE', *, *, #600, .F. ) ;
#1373 = EDGE_CURVE ( 'NONE', #1851, #649, #2151, .T. ) ;
#1374 = ORIENTED_EDGE ( 'NONE', *, *, #1044, .T. ) ;
#1375 = CIRCLE ( 'NONE', #832, 1.500000000000001332 ) ;
#1376 = CARTESIAN_POINT ( 'NONE',  ( -117.8251964911650731, -42.76396488165973153, 0.000000000000000000 ) ) ;
#1377 = ORIENTED_EDGE ( 'NONE', *, *, #1251, .T. ) ;
#1378 = AXIS2_PLACEMENT_3D ( 'NONE', #148, #359, #2110 ) ;
#1379 = CARTESIAN_POINT ( 'NONE',  ( 46.10670595135977123, -49.73971478099267785, 1.500000000000000000 ) ) ;
#1380 = DIRECTION ( 'NONE',  ( -1.000000000000000000, 0.000000000000000000, 0.000000000000000000 ) ) ;
#1381 = AXIS2_PLACEMENT_3D ( 'NONE', #1135, #1710, #529 ) ;
#1382 = AXIS2_PLACEMENT_3D ( 'NONE', #2426, #238, #1041 ) ;
#1383 = ORIENTED_EDGE ( 'NONE', *, *, #2574, .F. ) ;
#1384 = CARTESIAN_POINT ( 'NONE',  ( 2.697702870815915421, 51.46008709731700037, 0.000000000000000000 ) ) ;
#1385 = CARTESIAN_POINT ( 'NONE',  ( -12.00508603718342115, -60.25990642767807515, 1.499999999999999556 ) ) ;
#1386 = CONICAL_SURFACE ( 'NONE', #259, 2.200000000000000178, 0.7853981633974487231 ) ;
#1387 = CYLINDRICAL_SURFACE ( 'NONE', #1712, 1.500000000000001332 ) ;
#1388 = ORIENTED_EDGE ( 'NONE', *, *, #2319, .F. ) ;
#1389 = VECTOR ( 'NONE', #2428, 1000.000000000000000 ) ;
#1390 = ORIENTED_EDGE ( 'NONE', *, *, #1872, .T. ) ;
#1391 = FACE_OUTER_BOUND ( 'NONE', #2340, .T. ) ;
#1392 = VERTEX_POINT ( 'NONE', #576 ) ;
#1393 = EDGE_CURVE ( 'NONE', #609, #1893, #2218, .T. ) ;
#1394 = CARTESIAN_POINT ( 'NONE',  ( -19.55143728065714726, -62.21302110569511967, 1.500000000000000000 ) ) ;
#1395 = DIRECTION ( 'NONE',  ( 0.000000000000000000, 0.000000000000000000, -1.000000000000000000 ) ) ;
#1396 = DIRECTION ( 'NONE',  ( -0.000000000000000000, -0.000000000000000000, -1.000000000000000000 ) ) ;
#1397 = DIRECTION ( 'NONE',  ( 1.000000000000000000, 6.952956280724761381E-17, -0.000000000000000000 ) ) ;
#1398 = DIRECTION ( 'NONE',  ( -1.000000000000000000, 0.000000000000000000, 0.000000000000000000 ) ) ;
#1399 = VERTEX_POINT ( 'NONE', #58 ) ;
#1400 = ADVANCED_FACE ( 'NONE', ( #1051 ), #2384, .F. ) ;
#1401 = ORIENTED_EDGE ( 'NONE', *, *, #1153, .F. ) ;
#1402 = FACE_OUTER_BOUND ( 'NONE', #1117, .T. ) ;
#1403 = VERTEX_POINT ( 'NONE', #1775 ) ;
#1404 = DIRECTION ( 'NONE',  ( 0.000000000000000000, 0.000000000000000000, -1.000000000000000000 ) ) ;
#1405 = CARTESIAN_POINT ( 'NONE',  ( -51.02113803718341245, -28.75990642767811067, 1.200000000000001510 ) ) ;
#1406 = ADVANCED_FACE ( 'NONE', ( #1787 ), #1247, .T. ) ;
#1407 = VERTEX_POINT ( 'NONE', #1994 ) ;
#1408 = LINE ( 'NONE', #179, #1542 ) ;
#1409 = FACE_OUTER_BOUND ( 'NONE', #1412, .T. ) ;
#1410 = DIRECTION ( 'NONE',  ( -0.000000000000000000, -0.000000000000000000, -1.000000000000000000 ) ) ;
#1411 = VERTEX_POINT ( 'NONE', #1652 ) ;
#1412 = EDGE_LOOP ( 'NONE', ( #1207, #1133, #798, #759 ) ) ;
#1413 = EDGE_CURVE ( 'NONE', #1361, #2410, #1763, .T. ) ;
#1414 = ORIENTED_EDGE ( 'NONE', *, *, #2365, .T. ) ;
#1415 = VECTOR ( 'NONE', #1784, 1000.000000000000000 ) ;
#1416 = DIRECTION ( 'NONE',  ( 0.000000000000000000, 0.000000000000000000, -1.000000000000000000 ) ) ;
#1417 = CYLINDRICAL_SURFACE ( 'NONE', #761, 1.000000000000000888 ) ;
#1418 = CIRCLE ( 'NONE', #879, 2.999999999999999112 ) ;
#1419 = ORIENTED_EDGE ( 'NONE', *, *, #290, .T. ) ;
#1420 = VECTOR ( 'NONE', #1416, 1000.000000000000000 ) ;
#1421 = LINE ( 'NONE', #401, #2006 ) ;
#1422 = CARTESIAN_POINT ( 'NONE',  ( 17.61391852651143708, -32.75524587118123776, 0.000000000000000000 ) ) ;
#1423 = AXIS2_PLACEMENT_3D ( 'NONE', #2200, #1404, #1002 ) ;
#1424 = CARTESIAN_POINT ( 'NONE',  ( 5.566925133751427168, -73.45597997267998380, 1.500000000000000000 ) ) ;
#1425 = ADVANCED_FACE ( 'NONE', ( #801 ), #2398, .T. ) ;
#1426 = VECTOR ( 'NONE', #1658, 1000.000000000000000 ) ;
#1427 = VECTOR ( 'NONE', #101, 999.9999999999998863 ) ;
#1428 = ORIENTED_EDGE ( 'NONE', *, *, #822, .T. ) ;
#1429 = AXIS2_PLACEMENT_3D ( 'NONE', #2336, #149, #952 ) ;
#1430 = ORIENTED_EDGE ( 'NONE', *, *, #1864, .F. ) ;
#1431 = EDGE_LOOP ( 'NONE', ( #40, #1166 ) ) ;
#1432 = AXIS2_PLACEMENT_3D ( 'NONE', #1366, #200, #1985 ) ;
#1433 = PRODUCT_DEFINITION_FORMATION_WITH_SPECIFIED_SOURCE ( 'ANY', '', #799, .NOT_KNOWN. ) ;
#1434 = CARTESIAN_POINT ( 'NONE',  ( 22.97886196281656623, -73.25990642767810357, 1.199999999999997957 ) ) ;
#1435 = LINE ( 'NONE', #32, #99 ) ;
#1436 = LINE ( 'NONE', #1840, #636 ) ;
#1437 = EDGE_LOOP ( 'NONE', ( #2209, #391, #860, #1696 ) ) ;
#1438 = DIRECTION ( 'NONE',  ( -0.000000000000000000, -0.000000000000000000, 1.000000000000000000 ) ) ;
#1439 = CARTESIAN_POINT ( 'NONE',  ( -1.021138037183427771, 57.99009357232187511, 1.499999999999999556 ) ) ;
#1440 = CARTESIAN_POINT ( 'NONE',  ( -19.55143728065714726, -62.21302110569511967, 1.500000000000000000 ) ) ;
#1441 = VERTEX_POINT ( 'NONE', #170 ) ;
#1442 = ADVANCED_FACE ( 'NONE', ( #976 ), #6, .T. ) ;
#1443 = ORIENTED_EDGE ( 'NONE', *, *, #290, .F. ) ;
#1444 = ORIENTED_EDGE ( 'NONE', *, *, #83, .F. ) ;
#1445 = FILL_AREA_STYLE_COLOUR ( '', #2518 ) ;
#1446 = DIRECTION ( 'NONE',  ( -1.000000000000000000, 0.000000000000000000, 0.000000000000000000 ) ) ;
#1447 = CARTESIAN_POINT ( 'NONE',  ( -133.0211380371834480, 61.89009357232187369, 1.500000000000000000 ) ) ;
#1448 = ORIENTED_EDGE ( 'NONE', *, *, #950, .F. ) ;
#1449 = CARTESIAN_POINT ( 'NONE',  ( 27.00135478318942006, -85.83115370070909478, 1.500000000000000000 ) ) ;
#1450 = DIRECTION ( 'NONE',  ( -1.000000000000000000, 0.000000000000000000, 0.000000000000000000 ) ) ;
#1451 = EDGE_CURVE ( 'NONE', #1836, #2089, #184, .T. ) ;
#1452 = CARTESIAN_POINT ( 'NONE',  ( -51.02113803718341956, 27.22404157232187316, 0.000000000000000000 ) ) ;
#1453 = FACE_BOUND ( 'NONE', #1562, .T. ) ;
#1454 = VERTEX_POINT ( 'NONE', #2266 ) ;
#1455 = ORIENTED_EDGE ( 'NONE', *, *, #277, .F. ) ;
#1456 = EDGE_CURVE ( 'NONE', #362, #2454, #1808, .T. ) ;
#1457 = VERTEX_POINT ( 'NONE', #2464 ) ;
#1458 = DIRECTION ( 'NONE',  ( -1.595907741164502757E-16, 1.000000000000000000, -0.000000000000000000 ) ) ;
#1459 = CARTESIAN_POINT ( 'NONE',  ( 46.65574405703641503, -51.78875288666932875, 1.500000000000000000 ) ) ;
#1460 = AXIS2_PLACEMENT_3D ( 'NONE', #2463, #704, #1466 ) ;
#1461 = ORIENTED_EDGE ( 'NONE', *, *, #215, .T. ) ;
#1462 = CYLINDRICAL_SURFACE ( 'NONE', #752, 1.000000000000000888 ) ;
#1463 = DIRECTION ( 'NONE',  ( -0.7071067811865445751, 0.000000000000000000, -0.7071067811865504593 ) ) ;
#1464 = AXIS2_PLACEMENT_3D ( 'NONE', #1154, #2158, #142 ) ;
#1465 = AXIS2_PLACEMENT_3D ( 'NONE', #1314, #731, #546 ) ;
#1466 = DIRECTION ( 'NONE',  ( -1.000000000000000000, 0.000000000000000000, 0.000000000000000000 ) ) ;
#1467 = FACE_BOUND ( 'NONE', #241, .T. ) ;
#1468 = AXIS2_PLACEMENT_3D ( 'NONE', #948, #729, #312 ) ;
#1469 = VECTOR ( 'NONE', #227, 1000.000000000000000 ) ;
#1470 = VERTEX_POINT ( 'NONE', #2280 ) ;
#1471 = EDGE_LOOP ( 'NONE', ( #1430, #1734, #188, #2 ) ) ;
#1472 = AXIS2_PLACEMENT_3D ( 'NONE', #1363, #379, #1849 ) ;
#1473 = VECTOR ( 'NONE', #1936, 1000.000000000000000 ) ;
#1474 = CARTESIAN_POINT ( 'NONE',  ( -19.37051514301487387, -61.18696067571810460, 1.500000000000000000 ) ) ;
#1475 = LINE ( 'NONE', #88, #2386 ) ;
#1476 = AXIS2_PLACEMENT_3D ( 'NONE', #187, #1790, #1003 ) ;
#1477 = EDGE_CURVE ( 'NONE', #945, #889, #1343, .T. ) ;
#1478 = ORIENTED_EDGE ( 'NONE', *, *, #392, .F. ) ;
#1479 = CARTESIAN_POINT ( 'NONE',  ( -120.2945175446283201, 54.34710719883609187, 1.500000000000000000 ) ) ;
#1480 = CARTESIAN_POINT ( 'NONE',  ( 35.74491396281656819, -52.25990642767809646, 0.000000000000000000 ) ) ;
#1481 = DIRECTION ( 'NONE',  ( -1.000000000000000000, 0.000000000000000000, 0.000000000000000000 ) ) ;
#1482 = CARTESIAN_POINT ( 'NONE',  ( -16.55143728065714726, -62.21302110569511967, 1.500000000000000000 ) ) ;
#1483 = EDGE_LOOP ( 'NONE', ( #1757, #1815, #2228, #1742 ) ) ;
#1484 = ORIENTED_EDGE ( 'NONE', *, *, #1834, .T. ) ;
#1485 = EDGE_CURVE ( 'NONE', #338, #2410, #278, .T. ) ;
#1486 =( NAMED_UNIT ( * ) PLANE_ANGLE_UNIT ( ) SI_UNIT ( $, .RADIAN. ) );
#1487 = DIRECTION ( 'NONE',  ( -1.000000000000000000, 0.000000000000000000, 0.000000000000000000 ) ) ;
#1488 = DIRECTION ( 'NONE',  ( -1.000000000000000000, 0.000000000000000000, 0.000000000000000000 ) ) ;
#1489 = LINE ( 'NONE', #861, #503 ) ;
#1490 = DIRECTION ( 'NONE',  ( -0.000000000000000000, -0.000000000000000000, -1.000000000000000000 ) ) ;
#1491 = ADVANCED_FACE ( 'NONE', ( #1877 ), #510, .F. ) ;
#1492 = DIRECTION ( 'NONE',  ( 0.000000000000000000, 0.000000000000000000, -1.000000000000000000 ) ) ;
#1493 = CARTESIAN_POINT ( 'NONE',  ( -51.02113803718341245, -28.75990642767811067, 1.499999999999999556 ) ) ;
#1494 = ORIENTED_EDGE ( 'NONE', *, *, #2535, .T. ) ;
#1495 = VERTEX_POINT ( 'NONE', #698 ) ;
#1496 = EDGE_CURVE ( 'NONE', #776, #1194, #2520, .T. ) ;
#1497 = DIRECTION ( 'NONE',  ( -1.000000000000000000, 0.000000000000000000, 0.000000000000000000 ) ) ;
#1498 = CARTESIAN_POINT ( 'NONE',  ( -52.02113803718341956, 27.22404157232187316, 10.00000000000000000 ) ) ;
#1499 = CARTESIAN_POINT ( 'NONE',  ( 45.35670595135976413, -51.03875288666932875, 0.000000000000000000 ) ) ;
#1500 = ADVANCED_FACE ( 'NONE', ( #1315, #1889, #1705, #1453, #2111, #1467, #913, #2086, #2481, #1089, #1865, #2451, #686, #653 ), #95, .T. ) ;
#1501 = CARTESIAN_POINT ( 'NONE',  ( 21.97886196281656623, -73.25990642767810357, 10.00000000000000000 ) ) ;
#1502 = DIRECTION ( 'NONE',  ( -1.000000000000000000, 0.000000000000000000, -0.000000000000000000 ) ) ;
#1503 = VECTOR ( 'NONE', #1651, 999.9999999999998863 ) ;
#1504 = ADVANCED_FACE ( 'NONE', ( #864 ), #894, .T. ) ;
#1505 = ADVANCED_FACE ( 'NONE', ( #71 ), #1386, .F. ) ;
#1506 = VERTEX_POINT ( 'NONE', #1261 ) ;
#1507 = AXIS2_PLACEMENT_3D ( 'NONE', #2493, #1648, #694 ) ;
#1508 = EDGE_LOOP ( 'NONE', ( #1448, #1038, #2069, #260 ) ) ;
#1509 = CIRCLE ( 'NONE', #298, 4.150000000000001243 ) ;
#1510 = FACE_BOUND ( 'NONE', #1052, .T. ) ;
#1511 = CARTESIAN_POINT ( 'NONE',  ( -108.2211380371834224, -18.97595842767810836, 0.000000000000000000 ) ) ;
#1512 = CIRCLE ( 'NONE', #1227, 4.150000000000001243 ) ;
#1513 = AXIS2_PLACEMENT_3D ( 'NONE', #721, #2169, #1529 ) ;
#1514 = CIRCLE ( 'NONE', #2222, 5.000000000000018652 ) ;
#1515 = CARTESIAN_POINT ( 'NONE',  ( -32.96490982181214235, -53.85548316864152696, 0.000000000000000000 ) ) ;
#1516 = FACE_OUTER_BOUND ( 'NONE', #955, .T. ) ;
#1517 = CIRCLE ( 'NONE', #684, 1.000000000000001776 ) ;
#1518 = DIRECTION ( 'NONE',  ( -0.000000000000000000, -0.000000000000000000, -1.000000000000000000 ) ) ;
#1519 = LINE ( 'NONE', #336, #377 ) ;
#1520 = DIRECTION ( 'NONE',  ( 0.000000000000000000, 0.000000000000000000, 1.000000000000000000 ) ) ;
#1521 = EDGE_LOOP ( 'NONE', ( #1624, #2396, #2306, #1372 ) ) ;
#1522 = EDGE_CURVE ( 'NONE', #208, #195, #1680, .T. ) ;
#1523 = ORIENTED_EDGE ( 'NONE', *, *, #311, .F. ) ;
#1524 = CARTESIAN_POINT ( 'NONE',  ( -19.37051514301487387, -61.18696067571810460, 1.500000000000000000 ) ) ;
#1525 = DIRECTION ( 'NONE',  ( 0.000000000000000000, 0.000000000000000000, -1.000000000000000000 ) ) ;
#1526 = DIRECTION ( 'NONE',  ( 1.000000000000000000, 0.000000000000000000, -0.000000000000000000 ) ) ;
#1527 = EDGE_CURVE ( 'NONE', #1603, #1591, #1930, .T. ) ;
#1528 = CARTESIAN_POINT ( 'NONE',  ( -12.00508603718342115, -60.25990642767807515, 0.000000000000000000 ) ) ;
#1529 = DIRECTION ( 'NONE',  ( -1.000000000000000000, 0.000000000000000000, 0.000000000000000000 ) ) ;
#1530 = ORIENTED_EDGE ( 'NONE', *, *, #2409, .F. ) ;
#1531 = EDGE_LOOP ( 'NONE', ( #5, #1956 ) ) ;
#1532 = VERTEX_POINT ( 'NONE', #706 ) ;
#1533 = DIRECTION ( 'NONE',  ( -0.000000000000000000, -0.000000000000000000, -1.000000000000000000 ) ) ;
#1534 = EDGE_LOOP ( 'NONE', ( #236, #613, #1653, #1157 ) ) ;
#1535 = CARTESIAN_POINT ( 'NONE',  ( -0.02113803718342601584, -32.00990642767810357, 10.00000000000000000 ) ) ;
#1536 = DIRECTION ( 'NONE',  ( 0.000000000000000000, 0.000000000000000000, -1.000000000000000000 ) ) ;
#1537 = DIRECTION ( 'NONE',  ( -0.000000000000000000, -0.000000000000000000, 1.000000000000000000 ) ) ;
#1538 = CARTESIAN_POINT ( 'NONE',  ( -20.39657557299188184, -64.00603853807582766, 1.500000000000000000 ) ) ;
#1539 = AXIS2_PLACEMENT_3D ( 'NONE', #549, #1949, #150 ) ;
#1540 = DIRECTION ( 'NONE',  ( 0.8660254037844388186, -0.4999999999999997224, -0.000000000000000000 ) ) ;
#1541 = ORIENTED_EDGE ( 'NONE', *, *, #692, .F. ) ;
#1542 = VECTOR ( 'NONE', #2028, 1000.000000000000114 ) ;
#1543 = CIRCLE ( 'NONE', #1134, 1.000000000000000888 ) ;
#1544 = ORIENTED_EDGE ( 'NONE', *, *, #2233, .F. ) ;
#1545 = LINE ( 'NONE', #897, #969 ) ;
#1546 = CARTESIAN_POINT ( 'NONE',  ( 35.74491396281656819, -52.25990642767809646, 0.000000000000000000 ) ) ;
#1547 =( GEOMETRIC_REPRESENTATION_CONTEXT ( 3 ) GLOBAL_UNCERTAINTY_ASSIGNED_CONTEXT ( ( #1263 ) ) GLOBAL_UNIT_ASSIGNED_CONTEXT ( ( #2078, #1486, #1252 ) ) REPRESENTATION_CONTEXT ( 'NONE', 'WORKASPACE' ) );
#1548 = CONICAL_SURFACE ( 'NONE', #887, 2.200000000000000178, 0.7853981633974487231 ) ;
#1549 = FACE_OUTER_BOUND ( 'NONE', #838, .T. ) ;
#1550 = DIRECTION ( 'NONE',  ( 0.000000000000000000, 0.000000000000000000, -1.000000000000000000 ) ) ;
#1551 = ADVANCED_FACE ( 'NONE', ( #1300 ), #1548, .F. ) ;
#1552 = EDGE_CURVE ( 'NONE', #1767, #998, #588, .T. ) ;
#1553 = CIRCLE ( 'NONE', #1141, 1.500000000000001332 ) ;
#1554 = CARTESIAN_POINT ( 'NONE',  ( -21.72473353633744964, -58.88370935134737749, 0.000000000000000000 ) ) ;
#1555 = CARTESIAN_POINT ( 'NONE',  ( -108.2211380371834224, -18.97595842767810836, 10.00000000000000000 ) ) ;
#1556 = AXIS2_PLACEMENT_3D ( 'NONE', #1405, #2201, #409 ) ;
#1557 = DIRECTION ( 'NONE',  ( 1.000000000000000000, 0.000000000000000000, 0.000000000000000000 ) ) ;
#1558 = ORIENTED_EDGE ( 'NONE', *, *, #14, .F. ) ;
#1559 = ORIENTED_EDGE ( 'NONE', *, *, #1803, .T. ) ;
#1560 = EDGE_CURVE ( 'NONE', #998, #469, #1067, .T. ) ;
#1561 = CARTESIAN_POINT ( 'NONE',  ( 2.697702870815915421, 51.46008709731700037, 1.000000000000000000 ) ) ;
#1562 = EDGE_LOOP ( 'NONE', ( #2159, #488 ) ) ;
#1563 = CARTESIAN_POINT ( 'NONE',  ( -2.021138037183429326, 57.99009357232187511, 1.199999999999997513 ) ) ;
#1564 = CARTESIAN_POINT ( 'NONE',  ( -17.57749771063416233, -65.03209896805283563, 1.500000000000000000 ) ) ;
#1565 = ORIENTED_EDGE ( 'NONE', *, *, #1302, .F. ) ;
#1566 = DIRECTION ( 'NONE',  ( -1.000000000000000000, 0.000000000000000000, 0.000000000000000000 ) ) ;
#1567 = EDGE_CURVE ( 'NONE', #1859, #404, #840, .T. ) ;
#1568 = FACE_OUTER_BOUND ( 'NONE', #2211, .T. ) ;
#1569 = FACE_OUTER_BOUND ( 'NONE', #73, .T. ) ;
#1570 = ORIENTED_EDGE ( 'NONE', *, *, #1251, .F. ) ;
#1571 = EDGE_LOOP ( 'NONE', ( #811, #1326, #89, #66 ) ) ;
#1572 = LINE ( 'NONE', #554, #2060 ) ;
#1573 = ORIENTED_EDGE ( 'NONE', *, *, #2341, .F. ) ;
#1574 = DIRECTION ( 'NONE',  ( -0.000000000000000000, -0.000000000000000000, -1.000000000000000000 ) ) ;
#1575 = CARTESIAN_POINT ( 'NONE',  ( -120.2945175446283201, 54.34710719883609187, 0.000000000000000000 ) ) ;
#1576 = FACE_OUTER_BOUND ( 'NONE', #222, .T. ) ;
#1577 = DIRECTION ( 'NONE',  ( -0.000000000000000000, -0.000000000000000000, 1.000000000000000000 ) ) ;
#1578 = DIRECTION ( 'NONE',  ( -1.000000000000000000, 0.000000000000000000, 0.000000000000000000 ) ) ;
#1579 = ORIENTED_EDGE ( 'NONE', *, *, #2114, .T. ) ;
#1580 = ADVANCED_FACE ( 'NONE', ( #1568 ), #754, .F. ) ;
#1581 = ADVANCED_FACE ( 'NONE', ( #2119 ), #770, .T. ) ;
#1582 = EDGE_LOOP ( 'NONE', ( #1854, #1630 ) ) ;
#1583 = AXIS2_PLACEMENT_3D ( 'NONE', #303, #903, #2480 ) ;
#1584 = DIRECTION ( 'NONE',  ( -0.7071067811865479058, 0.000000000000000000, -0.7071067811865472397 ) ) ;
#1585 = ORIENTED_EDGE ( 'NONE', *, *, #2072, .T. ) ;
#1586 = AXIS2_PLACEMENT_3D ( 'NONE', #1452, #2250, #1260 ) ;
#1587 = DIRECTION ( 'NONE',  ( 0.000000000000000000, 0.000000000000000000, -1.000000000000000000 ) ) ;
#1588 = DIRECTION ( 'NONE',  ( -1.000000000000000000, 0.000000000000000000, 0.000000000000000000 ) ) ;
#1589 = AXIS2_PLACEMENT_3D ( 'NONE', #1660, #67, #2285 ) ;
#1590 = CIRCLE ( 'NONE', #1679, 2.999999999999999112 ) ;
#1591 = VERTEX_POINT ( 'NONE', #372 ) ;
#1592 = CYLINDRICAL_SURFACE ( 'NONE', #1716, 1.000000000000001776 ) ;
#1593 = LINE ( 'NONE', #1608, #472 ) ;
#1594 = EDGE_CURVE ( 'NONE', #1603, #2559, #1519, .T. ) ;
#1595 = AXIS2_PLACEMENT_3D ( 'NONE', #153, #2163, #853 ) ;
#1596 = AXIS2_PLACEMENT_3D ( 'NONE', #360, #967, #599 ) ;
#1597 = CARTESIAN_POINT ( 'NONE',  ( -131.5211380371834196, 63.39009357232186659, 1.500000000000000000 ) ) ;
#1598 = ORIENTED_EDGE ( 'NONE', *, *, #813, .F. ) ;
#1599 = VECTOR ( 'NONE', #1536, 1000.000000000000000 ) ;
#1600 = ORIENTED_EDGE ( 'NONE', *, *, #771, .T. ) ;
#1601 = DIRECTION ( 'NONE',  ( -1.000000000000000000, 0.000000000000000000, 0.000000000000000000 ) ) ;
#1602 = ADVANCED_FACE ( 'NONE', ( #2314 ), #1922, .F. ) ;
#1603 = VERTEX_POINT ( 'NONE', #2570 ) ;
#1604 = DIRECTION ( 'NONE',  ( -1.000000000000000000, 0.000000000000000000, 0.000000000000000000 ) ) ;
#1605 = DIRECTION ( 'NONE',  ( -1.000000000000000000, 0.000000000000000000, 0.000000000000000000 ) ) ;
#1606 = ORIENTED_EDGE ( 'NONE', *, *, #1803, .F. ) ;
#1607 = DIRECTION ( 'NONE',  ( 0.000000000000000000, 0.000000000000000000, -1.000000000000000000 ) ) ;
#1608 = CARTESIAN_POINT ( 'NONE',  ( -21.20378900333666650, -55.92928609231075399, 1.500000000000000000 ) ) ;
#1609 = EDGE_CURVE ( 'NONE', #1591, #1805, #2363, .T. ) ;
#1610 = FACE_OUTER_BOUND ( 'NONE', #734, .T. ) ;
#1611 = EDGE_LOOP ( 'NONE', ( #434, #459, #2088, #943 ) ) ;
#1612 = ORIENTED_EDGE ( 'NONE', *, *, #319, .T. ) ;
#1613 = ORIENTED_EDGE ( 'NONE', *, *, #2364, .F. ) ;
#1614 = EDGE_CURVE ( 'NONE', #1015, #628, #1152, .T. ) ;
#1615 = LINE ( 'NONE', #2412, #419 ) ;
#1616 = DIRECTION ( 'NONE',  ( 0.3420201433256715995, 0.9396926207859073177, -0.000000000000000000 ) ) ;
#1617 = ADVANCED_FACE ( 'NONE', ( #741 ), #2147, .F. ) ;
#1618 = ORIENTED_EDGE ( 'NONE', *, *, #1296, .F. ) ;
#1619 = CARTESIAN_POINT ( 'NONE',  ( 10.10053276339293760, -51.40770792073848838, 1.000000000000000000 ) ) ;
#1620 = DIRECTION ( 'NONE',  ( -0.000000000000000000, -0.000000000000000000, -1.000000000000000000 ) ) ;
#1621 = FACE_OUTER_BOUND ( 'NONE', #1754, .T. ) ;
#1622 = ORIENTED_EDGE ( 'NONE', *, *, #326, .T. ) ;
#1623 = ORIENTED_EDGE ( 'NONE', *, *, #769, .T. ) ;
#1624 = ORIENTED_EDGE ( 'NONE', *, *, #173, .F. ) ;
#1625 = AXIS2_PLACEMENT_3D ( 'NONE', #1902, #1492, #1704 ) ;
#1626 = CYLINDRICAL_SURFACE ( 'NONE', #129, 4.149999999999987033 ) ;
#1627 = CYLINDRICAL_SURFACE ( 'NONE', #2217, 1.500000000000001332 ) ;
#1628 = CARTESIAN_POINT ( 'NONE',  ( -33.48585435481292194, -56.80990642767815046, 1.500000000000000000 ) ) ;
#1629 = VECTOR ( 'NONE', #1396, 1000.000000000000000 ) ;
#1630 = ORIENTED_EDGE ( 'NONE', *, *, #1024, .T. ) ;
#1631 = CIRCLE ( 'NONE', #2131, 1.000000000000001776 ) ;
#1632 = CYLINDRICAL_SURFACE ( 'NONE', #125, 2.999999999999999112 ) ;
#1633 = FACE_OUTER_BOUND ( 'NONE', #1016, .T. ) ;
#1634 = ADVANCED_FACE ( 'NONE', ( #1731 ), #1333, .F. ) ;
#1635 = VECTOR ( 'NONE', #63, 999.9999999999998863 ) ;
#1636 = CARTESIAN_POINT ( 'NONE',  ( 35.74491396281656819, -52.25990642767809646, 1.200000000000001510 ) ) ;
#1637 = AXIS2_PLACEMENT_3D ( 'NONE', #2246, #451, #2258 ) ;
#1638 = ORIENTED_EDGE ( 'NONE', *, *, #2289, .F. ) ;
#1639 = ORIENTED_EDGE ( 'NONE', *, *, #1522, .F. ) ;
#1640 = VERTEX_POINT ( 'NONE', #2532 ) ;
#1641 = CIRCLE ( 'NONE', #1104, 4.150000000000001243 ) ;
#1642 = EDGE_CURVE ( 'NONE', #2397, #1361, #547, .T. ) ;
#1643 = AXIS2_PLACEMENT_3D ( 'NONE', #2025, #1082, #1487 ) ;
#1644 = PRESENTATION_STYLE_ASSIGNMENT (( #825 ) ) ;
#1645 = DIRECTION ( 'NONE',  ( -0.000000000000000000, -0.000000000000000000, 1.000000000000000000 ) ) ;
#1646 = DIRECTION ( 'NONE',  ( 0.000000000000000000, 0.000000000000000000, -1.000000000000000000 ) ) ;
#1647 = EDGE_LOOP ( 'NONE', ( #23, #552, #30, #2327 ) ) ;
#1648 = DIRECTION ( 'NONE',  ( -0.000000000000000000, -0.000000000000000000, -1.000000000000000000 ) ) ;
#1649 = CARTESIAN_POINT ( 'NONE',  ( -125.5211380371834480, 51.25614557232186996, 1.499999999999999556 ) ) ;
#1650 = EDGE_CURVE ( 'NONE', #1880, #1145, #2130, .T. ) ;
#1651 = DIRECTION ( 'NONE',  ( 0.7071067811865479058, 8.659560562354937789E-17, -0.7071067811865472397 ) ) ;
#1652 = CARTESIAN_POINT ( 'NONE',  ( 12.77885684433416280, 61.89009357232188080, 1.500000000000000000 ) ) ;
#1653 = ORIENTED_EDGE ( 'NONE', *, *, #1393, .T. ) ;
#1654 = EDGE_LOOP ( 'NONE', ( #164, #2576, #477, #29 ) ) ;
#1655 = ORIENTED_EDGE ( 'NONE', *, *, #882, .F. ) ;
#1656 = DIRECTION ( 'NONE',  ( -6.952956280724761381E-17, 1.000000000000000000, 0.000000000000000000 ) ) ;
#1657 = LINE ( 'NONE', #1827, #1106 ) ;
#1658 = DIRECTION ( 'NONE',  ( -0.000000000000000000, -0.000000000000000000, 1.000000000000000000 ) ) ;
#1659 = ORIENTED_EDGE ( 'NONE', *, *, #2114, .F. ) ;
#1660 = CARTESIAN_POINT ( 'NONE',  ( -1.021138037183427771, -32.00990642767810357, 0.000000000000000000 ) ) ;
#1661 = CARTESIAN_POINT ( 'NONE',  ( -133.0211380371834480, 61.89009357232187369, 1.500000000000000000 ) ) ;
#1662 = CARTESIAN_POINT ( 'NONE',  ( -50.02113803718341245, 27.22404157232187316, 1.499999999999999556 ) ) ;
#1663 = CARTESIAN_POINT ( 'NONE',  ( -108.2211380371834224, -18.97595842767810836, 0.000000000000000000 ) ) ;
#1664 = ORIENTED_EDGE ( 'NONE', *, *, #3, .F. ) ;
#1665 = EDGE_LOOP ( 'NONE', ( #2121, #1671 ) ) ;
#1666 = ORIENTED_EDGE ( 'NONE', *, *, #349, .T. ) ;
#1667 = EDGE_CURVE ( 'NONE', #2509, #1506, #172, .T. ) ;
#1668 = CARTESIAN_POINT ( 'NONE',  ( 25.70231667751276561, -85.08115370070909478, 0.000000000000000000 ) ) ;
#1669 = DIRECTION ( 'NONE',  ( -1.000000000000000000, 0.000000000000000000, 0.000000000000000000 ) ) ;
#1670 = CARTESIAN_POINT ( 'NONE',  ( -125.2945175446283343, 54.34710719883609187, 1.500000000000000000 ) ) ;
#1671 = ORIENTED_EDGE ( 'NONE', *, *, #2204, .F. ) ;
#1672 = CARTESIAN_POINT ( 'NONE',  ( 35.74491396281656819, -52.25990642767809646, 10.00000000000000000 ) ) ;
#1673 = DIRECTION ( 'NONE',  ( -1.000000000000000000, 0.000000000000000000, 0.000000000000000000 ) ) ;
#1674 = AXIS2_PLACEMENT_3D ( 'NONE', #720, #1518, #1921 ) ;
#1675 = AXIS2_PLACEMENT_3D ( 'NONE', #356, #1159, #112 ) ;
#1676 = EDGE_CURVE ( 'NONE', #97, #1454, #2016, .T. ) ;
#1677 = DIRECTION ( 'NONE',  ( -0.000000000000000000, -0.000000000000000000, -1.000000000000000000 ) ) ;
#1678 = DIRECTION ( 'NONE',  ( 0.000000000000000000, 0.000000000000000000, 1.000000000000000000 ) ) ;
#1679 = AXIS2_PLACEMENT_3D ( 'NONE', #727, #736, #1294 ) ;
#1680 = CIRCLE ( 'NONE', #548, 2.999999999999999112 ) ;
#1681 = ORIENTED_EDGE ( 'NONE', *, *, #769, .F. ) ;
#1682 = VERTEX_POINT ( 'NONE', #2517 ) ;
#1683 = AXIS2_PLACEMENT_3D ( 'NONE', #506, #1086, #1298 ) ;
#1684 = EDGE_CURVE ( 'NONE', #2134, #1015, #929, .T. ) ;
#1685 = AXIS2_PLACEMENT_3D ( 'NONE', #819, #1620, #1233 ) ;
#1686 = LINE ( 'NONE', #1058, #1847 ) ;
#1687 = CARTESIAN_POINT ( 'NONE',  ( -126.5211380371834622, 51.25614557232186996, 1.200000000000005063 ) ) ;
#1688 = CARTESIAN_POINT ( 'NONE',  ( 35.74491396281656819, -52.25990642767809646, 0.000000000000000000 ) ) ;
#1689 = VECTOR ( 'NONE', #2143, 1000.000000000000114 ) ;
#1690 = ORIENTED_EDGE ( 'NONE', *, *, #782, .F. ) ;
#1691 = FACE_OUTER_BOUND ( 'NONE', #2443, .T. ) ;
#1692 = DIRECTION ( 'NONE',  ( -0.000000000000000000, -0.000000000000000000, -1.000000000000000000 ) ) ;
#1693 = DIRECTION ( 'NONE',  ( -1.000000000000000000, 0.000000000000000000, 0.000000000000000000 ) ) ;
#1694 = DIRECTION ( 'NONE',  ( 0.000000000000000000, 0.000000000000000000, -1.000000000000000000 ) ) ;
#1695 = EDGE_CURVE ( 'NONE', #985, #1182, #1349, .T. ) ;
#1696 = ORIENTED_EDGE ( 'NONE', *, *, #1028, .T. ) ;
#1697 = ORIENTED_EDGE ( 'NONE', *, *, #828, .F. ) ;
#1698 = FACE_OUTER_BOUND ( 'NONE', #2356, .T. ) ;
#1699 = DIRECTION ( 'NONE',  ( 0.000000000000000000, 0.000000000000000000, -1.000000000000000000 ) ) ;
#1700 = ADVANCED_FACE ( 'NONE', ( #2156 ), #970, .F. ) ;
#1701 = DIRECTION ( 'NONE',  ( 0.000000000000000000, 0.000000000000000000, -1.000000000000000000 ) ) ;
#1702 = DIRECTION ( 'NONE',  ( -1.000000000000000000, 0.000000000000000000, 0.000000000000000000 ) ) ;
#1703 = ADVANCED_FACE ( 'NONE', ( #1633 ), #2195, .F. ) ;
#1704 = DIRECTION ( 'NONE',  ( -1.000000000000000000, 0.000000000000000000, -0.000000000000000000 ) ) ;
#1705 = FACE_BOUND ( 'NONE', #1005, .T. ) ;
#1706 = VERTEX_POINT ( 'NONE', #2592 ) ;
#1707 = ORIENTED_EDGE ( 'NONE', *, *, #1560, .T. ) ;
#1708 = FACE_OUTER_BOUND ( 'NONE', #1654, .T. ) ;
#1709 =( NAMED_UNIT ( * ) SI_UNIT ( $, .STERADIAN. ) SOLID_ANGLE_UNIT ( ) );
#1710 = DIRECTION ( 'NONE',  ( 0.000000000000000000, 0.000000000000000000, -1.000000000000000000 ) ) ;
#1711 = LINE ( 'NONE', #1945, #56 ) ;
#1712 = AXIS2_PLACEMENT_3D ( 'NONE', #2187, #2395, #221 ) ;
#1713 = DIRECTION ( 'NONE',  ( 0.000000000000000000, 0.000000000000000000, -1.000000000000000000 ) ) ;
#1714 = EDGE_CURVE ( 'NONE', #2317, #1407, #1514, .T. ) ;
#1715 = DIRECTION ( 'NONE',  ( -0.000000000000000000, -0.000000000000000000, -1.000000000000000000 ) ) ;
#1716 = AXIS2_PLACEMENT_3D ( 'NONE', #218, #2392, #598 ) ;
#1717 = ORIENTED_EDGE ( 'NONE', *, *, #2051, .T. ) ;
#1718 = CIRCLE ( 'NONE', #1381, 1.000000000000000888 ) ;
#1719 = ORIENTED_EDGE ( 'NONE', *, *, #1725, .T. ) ;
#1720 = FACE_BOUND ( 'NONE', #1431, .T. ) ;
#1721 = LINE ( 'NONE', #111, #2342 ) ;
#1722 = CIRCLE ( 'NONE', #718, 2.999999999999999112 ) ;
#1723 = VERTEX_POINT ( 'NONE', #2393 ) ;
#1724 = AXIS2_PLACEMENT_3D ( 'NONE', #523, #1959, #732 ) ;
#1725 = EDGE_CURVE ( 'NONE', #1454, #1682, #441, .T. ) ;
#1726 = VECTOR ( 'NONE', #1463, 1000.000000000000000 ) ;
#1727 = DIRECTION ( 'NONE',  ( -1.000000000000000000, 0.000000000000000000, 0.000000000000000000 ) ) ;
#1728 = FACE_OUTER_BOUND ( 'NONE', #152, .T. ) ;
#1729 = CONICAL_SURFACE ( 'NONE', #594, 2.200000000000000622, 0.7853981633974487231 ) ;
#1730 = DIRECTION ( 'NONE',  ( 0.7071067811865479058, 8.659560562354937789E-17, -0.7071067811865472397 ) ) ;
#1731 = FACE_OUTER_BOUND ( 'NONE', #1647, .T. ) ;
#1732 = EDGE_CURVE ( 'NONE', #1495, #362, #25, .T. ) ;
#1733 = CYLINDRICAL_SURFACE ( 'NONE', #1087, 1.500000000000001332 ) ;
#1734 = ORIENTED_EDGE ( 'NONE', *, *, #657, .F. ) ;
#1735 = ORIENTED_EDGE ( 'NONE', *, *, #911, .T. ) ;
#1736 = DIRECTION ( 'NONE',  ( -0.000000000000000000, -0.000000000000000000, -1.000000000000000000 ) ) ;
#1737 = CARTESIAN_POINT ( 'NONE',  ( 18.01775855917952285, -33.52255344286417227, 0.000000000000000000 ) ) ;
#1738 = PLANE ( 'NONE',  #1184 ) ;
#1739 = CARTESIAN_POINT ( 'NONE',  ( -2.021138037183429326, 57.99009357232187511, 1.499999999999999556 ) ) ;
#1740 = DIRECTION ( 'NONE',  ( -0.000000000000000000, -0.000000000000000000, 1.000000000000000000 ) ) ;
#1741 = LINE ( 'NONE', #2543, #2593 ) ;
#1742 = ORIENTED_EDGE ( 'NONE', *, *, #100, .F. ) ;
#1743 = ORIENTED_EDGE ( 'NONE', *, *, #2243, .T. ) ;
#1744 = DIRECTION ( 'NONE',  ( -0.000000000000000000, -0.000000000000000000, -1.000000000000000000 ) ) ;
#1745 = ADVANCED_FACE ( 'NONE', ( #795 ), #13, .F. ) ;
#1746 = PRODUCT_CONTEXT ( 'NONE', #1862, 'mechanical' ) ;
#1747 = DIRECTION ( 'NONE',  ( -0.000000000000000000, -0.000000000000000000, -1.000000000000000000 ) ) ;
#1748 = LINE ( 'NONE', #1564, #1599 ) ;
#1749 = CARTESIAN_POINT ( 'NONE',  ( -108.2211380371834224, -18.97595842767810836, 1.499999999999999556 ) ) ;
#1750 = CARTESIAN_POINT ( 'NONE',  ( 36.74491396281656819, -52.25990642767809646, 10.00000000000000000 ) ) ;
#1751 = EDGE_CURVE ( 'NONE', #60, #1411, #781, .T. ) ;
#1752 = VECTOR ( 'NONE', #2378, 999.9999999999998863 ) ;
#1753 = DIRECTION ( 'NONE',  ( 0.000000000000000000, 0.000000000000000000, -1.000000000000000000 ) ) ;
#1754 = EDGE_LOOP ( 'NONE', ( #1444, #224, #1964, #1262 ) ) ;
#1755 = CIRCLE ( 'NONE', #1586, 2.200000000000000622 ) ;
#1756 = CIRCLE ( 'NONE', #1507, 1.000000000000000888 ) ;
#1757 = ORIENTED_EDGE ( 'NONE', *, *, #1915, .F. ) ;
#1758 = DIRECTION ( 'NONE',  ( -0.000000000000000000, -0.000000000000000000, 1.000000000000000000 ) ) ;
#1759 = VERTEX_POINT ( 'NONE', #639 ) ;
#1760 = MECHANICAL_DESIGN_GEOMETRIC_PRESENTATION_REPRESENTATION (  '', ( #922 ), #1547 ) ;
#1761 = EDGE_CURVE ( 'NONE', #1403, #417, #1593, .T. ) ;
#1762 = VECTOR ( 'NONE', #437, 1000.000000000000114 ) ;
#1763 = CIRCLE ( 'NONE', #1595, 4.149999999999987033 ) ;
#1764 = LINE ( 'NONE', #1984, #1096 ) ;
#1765 = CARTESIAN_POINT ( 'NONE',  ( -16.55143728065714726, -62.21302110569511967, 0.000000000000000000 ) ) ;
#1766 = AXIS2_PLACEMENT_3D ( 'NONE', #92, #682, #53 ) ;
#1767 = VERTEX_POINT ( 'NONE', #1422 ) ;
#1768 = CARTESIAN_POINT ( 'NONE',  ( -108.2211380371834224, -18.97595842767810836, 0.000000000000000000 ) ) ;
#1769 = DIRECTION ( 'NONE',  ( -1.000000000000000000, 0.000000000000000000, 0.000000000000000000 ) ) ;
#1770 = VECTOR ( 'NONE', #859, 1000.000000000000000 ) ;
#1771 = AXIS2_PLACEMENT_3D ( 'NONE', #2284, #492, #2079 ) ;
#1772 = ORIENTED_EDGE ( 'NONE', *, *, #2103, .T. ) ;
#1773 = VERTEX_POINT ( 'NONE', #1807 ) ;
#1774 = ORIENTED_EDGE ( 'NONE', *, *, #1676, .F. ) ;
#1775 = CARTESIAN_POINT ( 'NONE',  ( -21.20378900333666650, -55.92928609231075399, 0.000000000000000000 ) ) ;
#1776 = ORIENTED_EDGE ( 'NONE', *, *, #2146, .T. ) ;
#1777 = CARTESIAN_POINT ( 'NONE',  ( -17.68284447033585849, -56.55012361105675467, 1.500000000000000000 ) ) ;
#1778 = DIRECTION ( 'NONE',  ( -1.000000000000000000, 0.000000000000000000, 0.000000000000000000 ) ) ;
#1779 = ORIENTED_EDGE ( 'NONE', *, *, #2519, .F. ) ;
#1780 = CARTESIAN_POINT ( 'NONE',  ( -121.9751964911650646, -42.76396488165973153, 2.500000000000000000 ) ) ;
#1781 = EDGE_CURVE ( 'NONE', #1926, #2202, #841, .T. ) ;
#1782 = DIRECTION ( 'NONE',  ( -0.000000000000000000, -0.000000000000000000, -1.000000000000000000 ) ) ;
#1783 = EDGE_CURVE ( 'NONE', #2571, #2492, #1852, .T. ) ;
#1784 = DIRECTION ( 'NONE',  ( -0.000000000000000000, -0.000000000000000000, -1.000000000000000000 ) ) ;
#1785 = ORIENTED_EDGE ( 'NONE', *, *, #852, .F. ) ;
#1786 = VERTEX_POINT ( 'NONE', #2184 ) ;
#1787 = FACE_OUTER_BOUND ( 'NONE', #2063, .T. ) ;
#1788 = ORIENTED_EDGE ( 'NONE', *, *, #319, .F. ) ;
#1789 = DIRECTION ( 'NONE',  ( 0.000000000000000000, 0.000000000000000000, 1.000000000000000000 ) ) ;
#1790 = DIRECTION ( 'NONE',  ( -0.000000000000000000, -0.000000000000000000, 1.000000000000000000 ) ) ;
#1791 = EDGE_LOOP ( 'NONE', ( #361, #268, #689, #370 ) ) ;
#1792 = CARTESIAN_POINT ( 'NONE',  ( -1.452297129184084934, 51.46008709731700037, 1.000000000000000000 ) ) ;
#1793 = LINE ( 'NONE', #191, #2523 ) ;
#1794 = ADVANCED_FACE ( 'NONE', ( #1409 ), #1216, .F. ) ;
#1795 = PLANE ( 'NONE',  #2420 ) ;
#1796 = EDGE_LOOP ( 'NONE', ( #2404, #1776, #2544, #1690 ) ) ;
#1797 = EDGE_LOOP ( 'NONE', ( #2573, #28, #74, #2468 ) ) ;
#1798 = DIRECTION ( 'NONE',  ( -0.000000000000000000, -0.000000000000000000, -1.000000000000000000 ) ) ;
#1799 = EDGE_LOOP ( 'NONE', ( #1940, #1040, #1494, #1237 ) ) ;
#1800 = AXIS2_PLACEMENT_3D ( 'NONE', #1768, #335, #1357 ) ;
#1801 = CARTESIAN_POINT ( 'NONE',  ( 46.65574405703641503, -51.78875288666932875, 0.000000000000000000 ) ) ;
#1802 = CARTESIAN_POINT ( 'NONE',  ( -51.02113803718341245, -28.75990642767811067, 1.200000000000001510 ) ) ;
#1803 = EDGE_CURVE ( 'NONE', #185, #2132, #219, .T. ) ;
#1804 = AXIS2_PLACEMENT_3D ( 'NONE', #1996, #396, #1019 ) ;
#1805 = VERTEX_POINT ( 'NONE', #2041 ) ;
#1806 = DIRECTION ( 'NONE',  ( 0.000000000000000000, 0.000000000000000000, 1.000000000000000000 ) ) ;
#1807 = CARTESIAN_POINT ( 'NONE',  ( 21.97886196281656623, -73.25990642767810357, 1.199999999999997957 ) ) ;
#1808 = CIRCLE ( 'NONE', #1100, 2.199999999999993516 ) ;
#1809 = VECTOR ( 'NONE', #2449, 999.9999999999998863 ) ;
#1810 = CARTESIAN_POINT ( 'NONE',  ( -121.9751964911650646, -42.76396488165973153, 0.000000000000000000 ) ) ;
#1811 = ORIENTED_EDGE ( 'NONE', *, *, #2255, .F. ) ;
#1812 = ADVANCED_FACE ( 'NONE', ( #2236 ), #429, .T. ) ;
#1813 = VECTOR ( 'NONE', #949, 1000.000000000000000 ) ;
#1814 = VERTEX_POINT ( 'NONE', #2029 ) ;
#1815 = ORIENTED_EDGE ( 'NONE', *, *, #2349, .F. ) ;
#1816 = DIRECTION ( 'NONE',  ( -0.000000000000000000, -0.000000000000000000, -1.000000000000000000 ) ) ;
#1817 = CARTESIAN_POINT ( 'NONE',  ( 12.77885684433417701, -22.82722754716082392, 0.000000000000000000 ) ) ;
#1818 = EDGE_LOOP ( 'NONE', ( #933, #1428 ) ) ;
#1819 = DIRECTION ( 'NONE',  ( -1.000000000000000000, 0.000000000000000000, 0.000000000000000000 ) ) ;
#1820 = CARTESIAN_POINT ( 'NONE',  ( -120.2945175446283201, 54.34710719883609187, 1.000000000000000000 ) ) ;
#1821 = CARTESIAN_POINT ( 'NONE',  ( 26.45231667751276916, -83.78211559503243677, 1.500000000000000000 ) ) ;
#1822 = VERTEX_POINT ( 'NONE', #1192 ) ;
#1823 = ORIENTED_EDGE ( 'NONE', *, *, #198, .T. ) ;
#1824 = ORIENTED_EDGE ( 'NONE', *, *, #1919, .T. ) ;
#1825 = EDGE_CURVE ( 'NONE', #974, #435, #551, .T. ) ;
#1826 = LINE ( 'NONE', #1283, #2216 ) ;
#1827 = CARTESIAN_POINT ( 'NONE',  ( 12.77885684433416280, 63.39009357232188080, 0.000000000000000000 ) ) ;
#1828 = FACE_OUTER_BOUND ( 'NONE', #2358, .T. ) ;
#1829 = EDGE_LOOP ( 'NONE', ( #764, #2408, #2361, #482 ) ) ;
#1830 = CARTESIAN_POINT ( 'NONE',  ( 11.27885684433416102, 63.39009357232188080, 1.500000000000000000 ) ) ;
#1831 = CARTESIAN_POINT ( 'NONE',  ( -120.2945175446283201, 54.34710719883609187, 1.500000000000000000 ) ) ;
#1832 = CARTESIAN_POINT ( 'NONE',  ( 18.40053276339293831, -51.40770792073848838, 0.000000000000000000 ) ) ;
#1833 = ORIENTED_EDGE ( 'NONE', *, *, #1594, .T. ) ;
#1834 = EDGE_CURVE ( 'NONE', #1194, #182, #831, .T. ) ;
#1835 = ORIENTED_EDGE ( 'NONE', *, *, #1065, .F. ) ;
#1836 = VERTEX_POINT ( 'NONE', #1989 ) ;
#1837 = VECTOR ( 'NONE', #390, 1000.000000000000114 ) ;
#1838 = FACE_OUTER_BOUND ( 'NONE', #1508, .T. ) ;
#1839 = DIRECTION ( 'NONE',  ( -0.000000000000000000, -0.000000000000000000, 1.000000000000000000 ) ) ;
#1840 = CARTESIAN_POINT ( 'NONE',  ( -106.0211380371834196, -18.97595842767810836, 0.000000000000000000 ) ) ;
#1841 = CIRCLE ( 'NONE', #2050, 1.500000000000001332 ) ;
#1842 = EDGE_CURVE ( 'NONE', #2440, #1403, #1793, .T. ) ;
#1843 = ORIENTED_EDGE ( 'NONE', *, *, #19, .F. ) ;
#1844 = AXIS2_PLACEMENT_3D ( 'NONE', #493, #1860, #2460 ) ;
#1845 = DIRECTION ( 'NONE',  ( -1.000000000000000000, 0.000000000000000000, 0.000000000000000000 ) ) ;
#1846 = FACE_OUTER_BOUND ( 'NONE', #2508, .T. ) ;
#1847 = VECTOR ( 'NONE', #2444, 1000.000000000000000 ) ;
#1848 = LINE ( 'NONE', #2057, #2594 ) ;
#1849 = DIRECTION ( 'NONE',  ( -1.000000000000000000, 0.000000000000000000, 0.000000000000000000 ) ) ;
#1850 = AXIS2_PLACEMENT_3D ( 'NONE', #908, #2525, #2328 ) ;
#1851 = VERTEX_POINT ( 'NONE', #262 ) ;
#1852 = CIRCLE ( 'NONE', #216, 4.150000000000000355 ) ;
#1853 = ORIENTED_EDGE ( 'NONE', *, *, #1946, .F. ) ;
#1854 = ORIENTED_EDGE ( 'NONE', *, *, #828, .T. ) ;
#1855 = AXIS2_PLACEMENT_3D ( 'NONE', #313, #1550, #2348 ) ;
#1856 = FACE_OUTER_BOUND ( 'NONE', #1084, .T. ) ;
#1857 = LINE ( 'NONE', #75, #1762 ) ;
#1858 = CARTESIAN_POINT ( 'NONE',  ( 14.25053276339293973, -51.40770792073848838, 2.500000000000000000 ) ) ;
#1859 = VERTEX_POINT ( 'NONE', #1901 ) ;
#1860 = DIRECTION ( 'NONE',  ( 0.000000000000000000, 0.000000000000000000, 1.000000000000000000 ) ) ;
#1861 = CARTESIAN_POINT ( 'NONE',  ( 5.566925133751427168, -73.45597997267998380, 0.000000000000000000 ) ) ;
#1862 = APPLICATION_CONTEXT ( 'automotive_design' ) ;
#1863 = DIRECTION ( 'NONE',  ( 0.000000000000000000, 0.000000000000000000, -1.000000000000000000 ) ) ;
#1864 = EDGE_CURVE ( 'NONE', #1914, #609, #2263, .T. ) ;
#1865 = FACE_BOUND ( 'NONE', #1197, .T. ) ;
#1866 = EDGE_LOOP ( 'NONE', ( #618, #1991 ) ) ;
#1867 = ORIENTED_EDGE ( 'NONE', *, *, #1650, .F. ) ;
#1868 = ORIENTED_EDGE ( 'NONE', *, *, #301, .T. ) ;
#1869 = DIRECTION ( 'NONE',  ( -0.000000000000000000, -0.000000000000000000, -1.000000000000000000 ) ) ;
#1870 = CARTESIAN_POINT ( 'NONE',  ( -21.72473353633744964, -58.88370935134737749, 1.500000000000000000 ) ) ;
#1871 = CARTESIAN_POINT ( 'NONE',  ( -133.0211380371834196, -53.80990642767815757, 1.500000000000000000 ) ) ;
#1872 = EDGE_CURVE ( 'NONE', #773, #1033, #1553, .T. ) ;
#1873 = EDGE_LOOP ( 'NONE', ( #1544, #1026, #1980, #1613 ) ) ;
#1874 = DIRECTION ( 'NONE',  ( 0.4999999999999997224, 0.8660254037844388186, -0.000000000000000000 ) ) ;
#1875 = LINE ( 'NONE', #891, #1309 ) ;
#1876 = CARTESIAN_POINT ( 'NONE',  ( 45.35670595135976413, -51.03875288666932875, 1.500000000000000000 ) ) ;
#1877 = FACE_OUTER_BOUND ( 'NONE', #2027, .T. ) ;
#1878 = EDGE_CURVE ( 'NONE', #292, #2459, #1875, .T. ) ;
#1879 = ORIENTED_EDGE ( 'NONE', *, *, #692, .T. ) ;
#1880 = VERTEX_POINT ( 'NONE', #1861 ) ;
#1881 = CARTESIAN_POINT ( 'NONE',  ( -17.68284447033585849, -56.55012361105675467, 1.500000000000000000 ) ) ;
#1882 = DIRECTION ( 'NONE',  ( -1.000000000000000000, 0.000000000000000000, 0.000000000000000000 ) ) ;
#1883 = CIRCLE ( 'NONE', #1460, 1.000000000000000888 ) ;
#1884 = ORIENTED_EDGE ( 'NONE', *, *, #2530, .F. ) ;
#1885 = PLANE ( 'NONE',  #1304 ) ;
#1886 = DIRECTION ( 'NONE',  ( -0.000000000000000000, -0.000000000000000000, -1.000000000000000000 ) ) ;
#1887 = AXIS2_PLACEMENT_3D ( 'NONE', #2388, #1816, #607 ) ;
#1888 = CARTESIAN_POINT ( 'NONE',  ( -18.90565567397972657, -59.90976978132438546, 0.000000000000000000 ) ) ;
#1889 = FACE_BOUND ( 'NONE', #1866, .T. ) ;
#1890 = AXIS2_PLACEMENT_3D ( 'NONE', #1030, #281, #884 ) ;
#1891 = CIRCLE ( 'NONE', #212, 2.200000000000000622 ) ;
#1892 = ORIENTED_EDGE ( 'NONE', *, *, #1714, .F. ) ;
#1893 = VERTEX_POINT ( 'NONE', #1311 ) ;
#1894 = AXIS2_PLACEMENT_3D ( 'NONE', #2553, #1740, #559 ) ;
#1895 = VECTOR ( 'NONE', #1699, 1000.000000000000000 ) ;
#1896 = CARTESIAN_POINT ( 'NONE',  ( -12.00508603718342115, -60.25990642767807515, 1.200000000000001510 ) ) ;
#1897 = EDGE_CURVE ( 'NONE', #670, #1723, #1103, .T. ) ;
#1898 = LINE ( 'NONE', #465, #1426 ) ;
#1899 = AXIS2_PLACEMENT_3D ( 'NONE', #712, #1112, #947 ) ;
#1900 = CARTESIAN_POINT ( 'NONE',  ( 12.77885684433417701, -23.56849087371951157, 0.000000000000000000 ) ) ;
#1901 = CARTESIAN_POINT ( 'NONE',  ( 20.77886196281656694, -73.25990642767810357, 0.000000000000000000 ) ) ;
#1902 = CARTESIAN_POINT ( 'NONE',  ( -120.2945175446283201, 54.34710719883609187, 1.000000000000000000 ) ) ;
#1903 = DIRECTION ( 'NONE',  ( -1.000000000000000000, 0.000000000000000000, 0.000000000000000000 ) ) ;
#1904 = ORIENTED_EDGE ( 'NONE', *, *, #1013, .T. ) ;
#1905 = ORIENTED_EDGE ( 'NONE', *, *, #1684, .F. ) ;
#1906 = FACE_BOUND ( 'NONE', #2253, .T. ) ;
#1907 = ADVANCED_FACE ( 'NONE', ( #1846 ), #2297, .F. ) ;
#1908 = ADVANCED_FACE ( 'NONE', ( #1278 ), #1181, .F. ) ;
#1909 = CARTESIAN_POINT ( 'NONE',  ( 6.847702870815914444, 51.46008709731700037, 1.000000000000000000 ) ) ;
#1910 = DIRECTION ( 'NONE',  ( 1.000000000000000000, 0.000000000000000000, -0.000000000000000000 ) ) ;
#1911 = CARTESIAN_POINT ( 'NONE',  ( -51.02113803718341245, -28.75990642767811067, 0.000000000000000000 ) ) ;
#1912 = DIRECTION ( 'NONE',  ( -0.000000000000000000, -0.000000000000000000, -1.000000000000000000 ) ) ;
#1913 = EDGE_LOOP ( 'NONE', ( #1303, #499, #2419, #954 ) ) ;
#1914 = VERTEX_POINT ( 'NONE', #1649 ) ;
#1915 = EDGE_CURVE ( 'NONE', #2219, #942, #683, .T. ) ;
#1916 = LINE ( 'NONE', #119, #1266 ) ;
#1917 = DIRECTION ( 'NONE',  ( -0.000000000000000000, -0.000000000000000000, -1.000000000000000000 ) ) ;
#1918 = PLANE ( 'NONE',  #2185 ) ;
#1919 = EDGE_CURVE ( 'NONE', #895, #2173, #423, .T. ) ;
#1920 = VECTOR ( 'NONE', #612, 1000.000000000000000 ) ;
#1921 = DIRECTION ( 'NONE',  ( -1.000000000000000000, 0.000000000000000000, 0.000000000000000000 ) ) ;
#1922 = CYLINDRICAL_SURFACE ( 'NONE', #1017, 1.000000000000000888 ) ;
#1923 = AXIS2_PLACEMENT_3D ( 'NONE', #2322, #1347, #2145 ) ;
#1924 = CYLINDRICAL_SURFACE ( 'NONE', #293, 1.000000000000000888 ) ;
#1925 = VECTOR ( 'NONE', #923, 1000.000000000000000 ) ;
#1926 = VERTEX_POINT ( 'NONE', #665 ) ;
#1927 = AXIS2_PLACEMENT_3D ( 'NONE', #2090, #1533, #946 ) ;
#1928 = VERTEX_POINT ( 'NONE', #2286 ) ;
#1929 = DIRECTION ( 'NONE',  ( -0.000000000000000000, -0.000000000000000000, -1.000000000000000000 ) ) ;
#1930 = CIRCLE ( 'NONE', #2100, 1.000000000000000888 ) ;
#1931 = CIRCLE ( 'NONE', #1101, 2.199999999999979750 ) ;
#1932 = CYLINDRICAL_SURFACE ( 'NONE', #1675, 1.000000000000000888 ) ;
#1933 = CARTESIAN_POINT ( 'NONE',  ( 47.40574405703641503, -50.48971478099267074, 1.500000000000000000 ) ) ;
#1934 = AXIS2_PLACEMENT_3D ( 'NONE', #651, #2249, #1702 ) ;
#1935 = CARTESIAN_POINT ( 'NONE',  ( -120.2945175446283201, 54.34710719883609187, 2.500000000000000000 ) ) ;
#1936 = DIRECTION ( 'NONE',  ( 0.8660254037844388186, -0.4999999999999997224, -0.000000000000000000 ) ) ;
#1937 = ADVANCED_FACE ( 'NONE', ( #2278 ), #484, .T. ) ;
#1938 = EDGE_CURVE ( 'NONE', #2173, #895, #1931, .T. ) ;
#1939 = ORIENTED_EDGE ( 'NONE', *, *, #2505, .T. ) ;
#1940 = ORIENTED_EDGE ( 'NONE', *, *, #62, .F. ) ;
#1941 = EDGE_LOOP ( 'NONE', ( #971, #2584, #1206, #1950 ) ) ;
#1942 = FACE_OUTER_BOUND ( 'NONE', #351, .T. ) ;
#1943 = DIRECTION ( 'NONE',  ( 0.000000000000000000, 0.000000000000000000, -1.000000000000000000 ) ) ;
#1944 = CARTESIAN_POINT ( 'NONE',  ( -1.021138037183427771, -32.00990642767810357, 1.499999999999999556 ) ) ;
#1945 = CARTESIAN_POINT ( 'NONE',  ( -125.2945175446283343, 54.34710719883609187, 2.500000000000000000 ) ) ;
#1946 = EDGE_CURVE ( 'NONE', #2452, #1706, #305, .T. ) ;
#1947 = LINE ( 'NONE', #951, #2095 ) ;
#1948 = CARTESIAN_POINT ( 'NONE',  ( 35.74491396281656819, -52.25990642767809646, 1.499999999999999556 ) ) ;
#1949 = DIRECTION ( 'NONE',  ( 0.000000000000000000, 0.000000000000000000, -1.000000000000000000 ) ) ;
#1950 = ORIENTED_EDGE ( 'NONE', *, *, #573, .F. ) ;
#1951 = EDGE_CURVE ( 'NONE', #1893, #895, #300, .T. ) ;
#1952 = ORIENTED_EDGE ( 'NONE', *, *, #1218, .T. ) ;
#1953 = DIRECTION ( 'NONE',  ( -1.000000000000000000, 0.000000000000000000, 0.000000000000000000 ) ) ;
#1954 = DIRECTION ( 'NONE',  ( -1.000000000000000000, 0.000000000000000000, 0.000000000000000000 ) ) ;
#1955 = DIRECTION ( 'NONE',  ( -0.5000000000000000000, -0.8660254037844385966, 0.000000000000000000 ) ) ;
#1956 = ORIENTED_EDGE ( 'NONE', *, *, #1496, .T. ) ;
#1957 = ADVANCED_FACE ( 'NONE', ( #68 ), #902, .F. ) ;
#1958 = FACE_OUTER_BOUND ( 'NONE', #2355, .T. ) ;
#1959 = DIRECTION ( 'NONE',  ( -0.000000000000000000, -0.000000000000000000, -1.000000000000000000 ) ) ;
#1960 = ORIENTED_EDGE ( 'NONE', *, *, #2051, .F. ) ;
#1961 = ORIENTED_EDGE ( 'NONE', *, *, #1878, .T. ) ;
#1962 = VECTOR ( 'NONE', #2168, 1000.000000000000000 ) ;
#1963 = AXIS2_PLACEMENT_3D ( 'NONE', #1777, #1198, #2192 ) ;
#1964 = ORIENTED_EDGE ( 'NONE', *, *, #69, .F. ) ;
#1965 = EDGE_CURVE ( 'NONE', #776, #2113, #2504, .T. ) ;
#1966 = CARTESIAN_POINT ( 'NONE',  ( -121.9751964911650646, -42.76396488165973153, 2.500000000000000000 ) ) ;
#1967 = VERTEX_POINT ( 'NONE', #1661 ) ;
#1968 = CIRCLE ( 'NONE', #715, 0.9999999999999974465 ) ;
#1969 = ADVANCED_FACE ( 'NONE', ( #1257 ), #134, .F. ) ;
#1970 = CIRCLE ( 'NONE', #514, 2.200000000000000622 ) ;
#1971 = AXIS2_PLACEMENT_3D ( 'NONE', #1354, #2190, #1953 ) ;
#1972 = CARTESIAN_POINT ( 'NONE',  ( 36.74491396281656819, -52.25990642767809646, 1.499999999999999556 ) ) ;
#1973 = CYLINDRICAL_SURFACE ( 'NONE', #2524, 4.150000000000001243 ) ;
#1974 = AXIS2_PLACEMENT_3D ( 'NONE', #1820, #2417, #203 ) ;
#1975 = ORIENTED_EDGE ( 'NONE', *, *, #543, .T. ) ;
#1976 = DIRECTION ( 'NONE',  ( 1.000000000000000000, 0.000000000000000000, 0.000000000000000000 ) ) ;
#1977 = DIRECTION ( 'NONE',  ( 0.000000000000000000, 0.000000000000000000, -1.000000000000000000 ) ) ;
#1978 = CIRCLE ( 'NONE', #1220, 2.199999999999993516 ) ;
#1979 = DIRECTION ( 'NONE',  ( 0.000000000000000000, 0.000000000000000000, -1.000000000000000000 ) ) ;
#1980 = ORIENTED_EDGE ( 'NONE', *, *, #814, .F. ) ;
#1981 = EDGE_LOOP ( 'NONE', ( #2281, #457, #1091, #1998 ) ) ;
#1982 = CARTESIAN_POINT ( 'NONE',  ( 15.77885684433417701, -22.82722754716082392, 0.000000000000000000 ) ) ;
#1983 = ORIENTED_EDGE ( 'NONE', *, *, #107, .F. ) ;
#1984 = CARTESIAN_POINT ( 'NONE',  ( -124.4445175446283258, 54.34710719883609187, 1.000000000000000000 ) ) ;
#1985 = DIRECTION ( 'NONE',  ( -1.000000000000000000, 0.000000000000000000, 0.000000000000000000 ) ) ;
#1986 = EDGE_CURVE ( 'NONE', #2202, #575, #1077, .T. ) ;
#1987 = VERTEX_POINT ( 'NONE', #357 ) ;
#1988 = CARTESIAN_POINT ( 'NONE',  ( -120.2945175446283201, 54.34710719883609187, 2.500000000000000000 ) ) ;
#1989 = CARTESIAN_POINT ( 'NONE',  ( -2.021138037183429326, -32.00990642767810357, 1.199999999999997513 ) ) ;
#1990 = CARTESIAN_POINT ( 'NONE',  ( -115.2945175446283201, 54.34710719883609187, 2.500000000000000000 ) ) ;
#1991 = ORIENTED_EDGE ( 'NONE', *, *, #1413, .F. ) ;
#1992 = ORIENTED_EDGE ( 'NONE', *, *, #2401, .F. ) ;
#1993 = EDGE_CURVE ( 'NONE', #575, #1987, #2312, .T. ) ;
#1994 = CARTESIAN_POINT ( 'NONE',  ( -115.2945175446283201, 54.34710719883609187, 1.500000000000000000 ) ) ;
#1995 = EDGE_LOOP ( 'NONE', ( #1239, #2367, #1788, #1383 ) ) ;
#1996 = CARTESIAN_POINT ( 'NONE',  ( -1.021138037183427771, 57.99009357232187511, 1.199999999999997513 ) ) ;
#1997 = CARTESIAN_POINT ( 'NONE',  ( -133.0211380371834480, 61.89009357232187369, 0.000000000000000000 ) ) ;
#1998 = ORIENTED_EDGE ( 'NONE', *, *, #696, .T. ) ;
#1999 = FACE_OUTER_BOUND ( 'NONE', #1130, .T. ) ;
#2000 = ADVANCED_FACE ( 'NONE', ( #1728 ), #1322, .F. ) ;
#2001 = DIRECTION ( 'NONE',  ( -0.000000000000000000, -0.000000000000000000, 1.000000000000000000 ) ) ;
#2002 = LINE ( 'NONE', #984, #1837 ) ;
#2003 = ORIENTED_EDGE ( 'NONE', *, *, #911, .F. ) ;
#2004 = VECTOR ( 'NONE', #2506, 1000.000000000000000 ) ;
#2005 = ORIENTED_EDGE ( 'NONE', *, *, #163, .F. ) ;
#2006 = VECTOR ( 'NONE', #37, 1000.000000000000114 ) ;
#2007 = ORIENTED_EDGE ( 'NONE', *, *, #657, .T. ) ;
#2008 = VECTOR ( 'NONE', #2512, 1000.000000000000000 ) ;
#2009 = CARTESIAN_POINT ( 'NONE',  ( 14.25053276339293973, -51.40770792073848838, 1.000000000000000000 ) ) ;
#2010 = CARTESIAN_POINT ( 'NONE',  ( -124.3211380371834593, 51.25614557232186996, 0.000000000000000000 ) ) ;
#2011 = CONICAL_SURFACE ( 'NONE', #1850, 2.200000000000000178, 0.7853981633974487231 ) ;
#2012 = AXIS2_PLACEMENT_3D ( 'NONE', #81, #1678, #106 ) ;
#2013 = EDGE_LOOP ( 'NONE', ( #1843, #1606, #644, #1811 ) ) ;
#2014 = DIRECTION ( 'NONE',  ( -0.000000000000000000, -0.000000000000000000, 1.000000000000000000 ) ) ;
#2015 = CARTESIAN_POINT ( 'NONE',  ( -121.9751964911650646, -42.76396488165973153, 1.000000000000000000 ) ) ;
#2016 = CIRCLE ( 'NONE', #1894, 1.500000000000001332 ) ;
#2017 = AXIS2_PLACEMENT_3D ( 'NONE', #1802, #806, #1605 ) ;
#2018 = LINE ( 'NONE', #2418, #1258 ) ;
#2019 = ORIENTED_EDGE ( 'NONE', *, *, #2467, .F. ) ;
#2020 = ADVANCED_FACE ( 'NONE', ( #910 ), #962, .F. ) ;
#2021 = EDGE_CURVE ( 'NONE', #1293, #2260, #1312, .T. ) ;
#2022 = ORIENTED_EDGE ( 'NONE', *, *, #2030, .F. ) ;
#2023 = ORIENTED_EDGE ( 'NONE', *, *, #34, .F. ) ;
#2024 = CARTESIAN_POINT ( 'NONE',  ( -121.9751964911650646, -42.76396488165973153, 1.000000000000000000 ) ) ;
#2025 = CARTESIAN_POINT ( 'NONE',  ( 2.697702870815915421, 51.46008709731700037, 1.500000000000000000 ) ) ;
#2026 = CARTESIAN_POINT ( 'NONE',  ( 14.25053276339293973, -51.40770792073848838, 1.000000000000000000 ) ) ;
#2027 = EDGE_LOOP ( 'NONE', ( #1011, #183, #2415, #1334 ) ) ;
#2028 = DIRECTION ( 'NONE',  ( 0.4999999999999999445, 0.8660254037844385966, -0.000000000000000000 ) ) ;
#2029 = CARTESIAN_POINT ( 'NONE',  ( -127.5211380371834622, 51.25614557232186996, 1.499999999999999556 ) ) ;
#2030 = EDGE_CURVE ( 'NONE', #195, #1293, #1748, .T. ) ;
#2031 = DIRECTION ( 'NONE',  ( -0.000000000000000000, -0.000000000000000000, 1.000000000000000000 ) ) ;
#2032 = ORIENTED_EDGE ( 'NONE', *, *, #1485, .T. ) ;
#2033 = EDGE_LOOP ( 'NONE', ( #109, #1905, #317, #18 ) ) ;
#2034 = ADVANCED_FACE ( 'NONE', ( #1516 ), #1738, .F. ) ;
#2035 = ORIENTED_EDGE ( 'NONE', *, *, #226, .T. ) ;
#2036 = LINE ( 'NONE', #46, #1635 ) ;
#2037 = DIRECTION ( 'NONE',  ( -1.000000000000000000, 0.000000000000000000, 0.000000000000000000 ) ) ;
#2038 = CARTESIAN_POINT ( 'NONE',  ( 35.74491396281656819, -52.25990642767809646, 10.00000000000000000 ) ) ;
#2039 = ORIENTED_EDGE ( 'NONE', *, *, #558, .T. ) ;
#2040 = CARTESIAN_POINT ( 'NONE',  ( -1.021138037183427771, -32.00990642767810357, 1.199999999999997513 ) ) ;
#2041 = CARTESIAN_POINT ( 'NONE',  ( -50.02113803718340534, -28.75990642767811067, 1.200000000000001510 ) ) ;
#2042 = DIRECTION ( 'NONE',  ( 0.000000000000000000, 0.000000000000000000, -1.000000000000000000 ) ) ;
#2043 = DIRECTION ( 'NONE',  ( -0.000000000000000000, -0.000000000000000000, 1.000000000000000000 ) ) ;
#2044 = ORIENTED_EDGE ( 'NONE', *, *, #1218, .F. ) ;
#2045 = VERTEX_POINT ( 'NONE', #541 ) ;
#2046 = EDGE_LOOP ( 'NONE', ( #905, #2075, #2465, #856 ) ) ;
#2047 = VECTOR ( 'NONE', #1234, 1000.000000000000000 ) ;
#2048 = FACE_OUTER_BOUND ( 'NONE', #658, .T. ) ;
#2049 = DIRECTION ( 'NONE',  ( 0.9396926207859073177, -0.3420201433256715440, -0.000000000000000000 ) ) ;
#2050 = AXIS2_PLACEMENT_3D ( 'NONE', #2085, #1863, #70 ) ;
#2051 = EDGE_CURVE ( 'NONE', #672, #2132, #1345, .T. ) ;
#2052 = VERTEX_POINT ( 'NONE', #346 ) ;
#2053 = VECTOR ( 'NONE', #750, 1000.000000000000114 ) ;
#2054 = DIRECTION ( 'NONE',  ( 1.000000000000000000, 0.000000000000000000, -0.000000000000000000 ) ) ;
#2055 = CARTESIAN_POINT ( 'NONE',  ( -126.5211380371834622, 51.25614557232186996, 0.000000000000000000 ) ) ;
#2056 = AXIS2_PLACEMENT_3D ( 'NONE', #21, #2577, #2588 ) ;
#2057 = CARTESIAN_POINT ( 'NONE',  ( 17.61391852651144063, -32.75524587118123776, 0.000000000000000000 ) ) ;
#2058 = AXIS2_PLACEMENT_3D ( 'NONE', #254, #2457, #1669 ) ;
#2059 = DIRECTION ( 'NONE',  ( -0.000000000000000000, -0.000000000000000000, 1.000000000000000000 ) ) ;
#2060 = VECTOR ( 'NONE', #1758, 1000.000000000000000 ) ;
#2061 = ORIENTED_EDGE ( 'NONE', *, *, #737, .T. ) ;
#2062 = ORIENTED_EDGE ( 'NONE', *, *, #1168, .T. ) ;
#2063 = EDGE_LOOP ( 'NONE', ( #2344, #726, #1109, #2247 ) ) ;
#2064 = ADVANCED_FACE ( 'NONE', ( #1150 ), #1918, .T. ) ;
#2065 = AXIS2_PLACEMENT_3D ( 'NONE', #2578, #1616, #386 ) ;
#2066 = FACE_OUTER_BOUND ( 'NONE', #2585, .T. ) ;
#2067 = LINE ( 'NONE', #1474, #177 ) ;
#2068 = LINE ( 'NONE', #1242, #587 ) ;
#2069 = ORIENTED_EDGE ( 'NONE', *, *, #2581, .T. ) ;
#2070 = FACE_OUTER_BOUND ( 'NONE', #166, .T. ) ;
#2071 = DIRECTION ( 'NONE',  ( -0.000000000000000000, -0.000000000000000000, -1.000000000000000000 ) ) ;
#2072 = EDGE_CURVE ( 'NONE', #178, #2317, #1711, .T. ) ;
#2073 = CARTESIAN_POINT ( 'NONE',  ( -131.5211380371833911, -53.80990642767815757, 0.000000000000000000 ) ) ;
#2074 = DIRECTION ( 'NONE',  ( -0.000000000000000000, -0.000000000000000000, -1.000000000000000000 ) ) ;
#2075 = ORIENTED_EDGE ( 'NONE', *, *, #1203, .F. ) ;
#2076 = EDGE_LOOP ( 'NONE', ( #1774, #36, #2291, #249 ) ) ;
#2077 = EDGE_CURVE ( 'NONE', #1836, #2207, #1517, .T. ) ;
#2078 =( LENGTH_UNIT ( ) NAMED_UNIT ( * ) SI_UNIT ( .MILLI., .METRE. ) );
#2079 = DIRECTION ( 'NONE',  ( 1.000000000000000000, 0.000000000000000000, 0.000000000000000000 ) ) ;
#2080 = LINE ( 'NONE', #1459, #2227 ) ;
#2081 = ORIENTED_EDGE ( 'NONE', *, *, #447, .T. ) ;
#2082 = DIRECTION ( 'NONE',  ( 0.000000000000000000, 0.000000000000000000, -1.000000000000000000 ) ) ;
#2083 = CARTESIAN_POINT ( 'NONE',  ( -13.00508603718341938, -60.25990642767807515, 10.00000000000000000 ) ) ;
#2084 = EDGE_CURVE ( 'NONE', #535, #1187, #567, .T. ) ;
#2085 = CARTESIAN_POINT ( 'NONE',  ( 26.45231667751276916, -83.78211559503243677, 0.000000000000000000 ) ) ;
#2086 = FACE_BOUND ( 'NONE', #2112, .T. ) ;
#2087 = EDGE_CURVE ( 'NONE', #225, #352, #1356, .T. ) ;
#2088 = ORIENTED_EDGE ( 'NONE', *, *, #1168, .F. ) ;
#2089 = VERTEX_POINT ( 'NONE', #2108 ) ;
#2090 = CARTESIAN_POINT ( 'NONE',  ( -51.02113803718341245, -28.75990642767811067, 0.000000000000000000 ) ) ;
#2091 = DIRECTION ( 'NONE',  ( 1.000000000000000000, 0.000000000000000000, 0.000000000000000000 ) ) ;
#2092 = AXIS2_PLACEMENT_3D ( 'NONE', #39, #2031, #207 ) ;
#2093 = DIRECTION ( 'NONE',  ( 1.000000000000000000, 0.000000000000000000, 0.000000000000000000 ) ) ;
#2094 = DIRECTION ( 'NONE',  ( -0.000000000000000000, -0.000000000000000000, 1.000000000000000000 ) ) ;
#2095 = VECTOR ( 'NONE', #1730, 999.9999999999998863 ) ;
#2096 = CIRCLE ( 'NONE', #1589, 2.200000000000000178 ) ;
#2097 = LINE ( 'NONE', #276, #2469 ) ;
#2098 = CARTESIAN_POINT ( 'NONE',  ( 2.697702870815915421, 51.46008709731700037, 2.500000000000000000 ) ) ;
#2099 = AXIS2_PLACEMENT_3D ( 'NONE', #8, #961, #805 ) ;
#2100 = AXIS2_PLACEMENT_3D ( 'NONE', #1493, #2290, #496 ) ;
#2101 = ORIENTED_EDGE ( 'NONE', *, *, #696, .F. ) ;
#2102 = ORIENTED_EDGE ( 'NONE', *, *, #1451, .F. ) ;
#2103 = EDGE_CURVE ( 'NONE', #225, #251, #174, .T. ) ;
#2104 = AXIS2_PLACEMENT_3D ( 'NONE', #848, #1692, #1450 ) ;
#2105 = CYLINDRICAL_SURFACE ( 'NONE', #545, 5.000000000000000888 ) ;
#2106 = AXIS2_PLACEMENT_3D ( 'NONE', #898, #2473, #1099 ) ;
#2107 = DIRECTION ( 'NONE',  ( 0.000000000000000000, 0.000000000000000000, -1.000000000000000000 ) ) ;
#2108 = CARTESIAN_POINT ( 'NONE',  ( -3.221138037183427727, -32.00990642767810357, 0.000000000000000000 ) ) ;
#2109 = ADVANCED_FACE ( 'NONE', ( #123 ), #1114, .T. ) ;
#2110 = DIRECTION ( 'NONE',  ( 1.000000000000000000, 0.000000000000000000, 0.000000000000000000 ) ) ;
#2111 = FACE_BOUND ( 'NONE', #2432, .T. ) ;
#2112 = EDGE_LOOP ( 'NONE', ( #997, #2254 ) ) ;
#2113 = VERTEX_POINT ( 'NONE', #2117 ) ;
#2114 = EDGE_CURVE ( 'NONE', #2440, #352, #724, .T. ) ;
#2115 = FACE_BOUND ( 'NONE', #2534, .T. ) ;
#2116 = DIRECTION ( 'NONE',  ( -1.000000000000000000, 9.251858538542962756E-15, 0.000000000000000000 ) ) ;
#2117 = CARTESIAN_POINT ( 'NONE',  ( 7.697702870815913201, 51.46008709731700037, 1.500000000000000000 ) ) ;
#2118 = DIRECTION ( 'NONE',  ( -1.000000000000000000, 0.000000000000000000, 0.000000000000000000 ) ) ;
#2119 = FACE_OUTER_BOUND ( 'NONE', #1068, .T. ) ;
#2120 = FACE_OUTER_BOUND ( 'NONE', #1995, .T. ) ;
#2121 = ORIENTED_EDGE ( 'NONE', *, *, #301, .F. ) ;
#2122 = ORIENTED_EDGE ( 'NONE', *, *, #2021, .T. ) ;
#2123 = FACE_BOUND ( 'NONE', #2226, .T. ) ;
#2124 = DIRECTION ( 'NONE',  ( -0.000000000000000000, -0.000000000000000000, -1.000000000000000000 ) ) ;
#2125 = DIRECTION ( 'NONE',  ( 0.000000000000000000, 0.000000000000000000, -1.000000000000000000 ) ) ;
#2126 = AXIS2_PLACEMENT_3D ( 'NONE', #863, #685, #697 ) ;
#2127 = EDGE_CURVE ( 'NONE', #2239, #1470, #1061, .T. ) ;
#2128 = AXIS2_PLACEMENT_3D ( 'NONE', #1115, #1713, #2129 ) ;
#2129 = DIRECTION ( 'NONE',  ( -1.000000000000000000, 0.000000000000000000, 0.000000000000000000 ) ) ;
#2130 = LINE ( 'NONE', #1140, #1473 ) ;
#2131 = AXIS2_PLACEMENT_3D ( 'NONE', #2040, #1047, #2248 ) ;
#2132 = VERTEX_POINT ( 'NONE', #1136 ) ;
#2133 = VECTOR ( 'NONE', #2124, 1000.000000000000000 ) ;
#2134 = VERTEX_POINT ( 'NONE', #1211 ) ;
#2135 = AXIS2_PLACEMENT_3D ( 'NONE', #424, #616, #1604 ) ;
#2136 = ORIENTED_EDGE ( 'NONE', *, *, #1986, .F. ) ;
#2137 = ADVANCED_FACE ( 'NONE', ( #789 ), #1973, .F. ) ;
#2138 = DIRECTION ( 'NONE',  ( -0.000000000000000000, -0.000000000000000000, -1.000000000000000000 ) ) ;
#2139 = CARTESIAN_POINT ( 'NONE',  ( 6.847702870815914444, 51.46008709731700037, 0.000000000000000000 ) ) ;
#2140 = VECTOR ( 'NONE', #878, 1000.000000000000000 ) ;
#2141 = AXIS2_PLACEMENT_3D ( 'NONE', #1439, #232, #983 ) ;
#2142 = CARTESIAN_POINT ( 'NONE',  ( -18.72473353633744964, -58.88370935134737749, 0.000000000000000000 ) ) ;
#2143 = DIRECTION ( 'NONE',  ( -0.4657409620533546346, 0.8849211017178965077, -0.000000000000000000 ) ) ;
#2144 = CIRCLE ( 'NONE', #2017, 1.000000000000000888 ) ;
#2145 = DIRECTION ( 'NONE',  ( -1.000000000000000000, 0.000000000000000000, 0.000000000000000000 ) ) ;
#2146 = EDGE_CURVE ( 'NONE', #266, #2242, #827, .T. ) ;
#2147 = PLANE ( 'NONE',  #2181 ) ;
#2148 = CARTESIAN_POINT ( 'NONE',  ( 6.847702870815914444, 51.46008709731700037, 1.000000000000000000 ) ) ;
#2149 = ORIENTED_EDGE ( 'NONE', *, *, #1834, .F. ) ;
#2150 = ORIENTED_EDGE ( 'NONE', *, *, #190, .T. ) ;
#2151 = LINE ( 'NONE', #2369, #50 ) ;
#2152 = ADVANCED_FACE ( 'NONE', ( #2389 ), #1729, .F. ) ;
#2153 = DIRECTION ( 'NONE',  ( -1.000000000000000000, 0.000000000000000000, 0.000000000000000000 ) ) ;
#2154 = CARTESIAN_POINT ( 'NONE',  ( -120.2945175446283201, 54.34710719883609187, 2.500000000000000000 ) ) ;
#2155 = FACE_OUTER_BOUND ( 'NONE', #2013, .T. ) ;
#2156 = FACE_OUTER_BOUND ( 'NONE', #1981, .T. ) ;
#2157 = ADVANCED_FACE ( 'NONE', ( #2166 ), #425, .F. ) ;
#2158 = DIRECTION ( 'NONE',  ( 0.000000000000000000, 0.000000000000000000, -1.000000000000000000 ) ) ;
#2159 = ORIENTED_EDGE ( 'NONE', *, *, #574, .F. ) ;
#2160 = EDGE_CURVE ( 'NONE', #837, #649, #1641, .T. ) ;
#2161 = EDGE_CURVE ( 'NONE', #1851, #2234, #1275, .T. ) ;
#2162 = ORIENTED_EDGE ( 'NONE', *, *, #19, .T. ) ;
#2163 = DIRECTION ( 'NONE',  ( 0.000000000000000000, 0.000000000000000000, -1.000000000000000000 ) ) ;
#2164 = ORIENTED_EDGE ( 'NONE', *, *, #442, .T. ) ;
#2165 = CARTESIAN_POINT ( 'NONE',  ( 22.97886196281656623, -73.25990642767810357, 0.000000000000000000 ) ) ;
#2166 = FACE_OUTER_BOUND ( 'NONE', #1913, .T. ) ;
#2167 = EDGE_LOOP ( 'NONE', ( #1570, #1478, #1055, #1868 ) ) ;
#2168 = DIRECTION ( 'NONE',  ( 2.368223175394957977E-16, -1.000000000000000000, -0.000000000000000000 ) ) ;
#2169 = DIRECTION ( 'NONE',  ( -0.000000000000000000, -0.000000000000000000, -1.000000000000000000 ) ) ;
#2170 = CIRCLE ( 'NONE', #1464, 2.999999999999999112 ) ;
#2171 = ORIENTED_EDGE ( 'NONE', *, *, #432, .F. ) ;
#2172 = EDGE_LOOP ( 'NONE', ( #1169, #376 ) ) ;
#2173 = VERTEX_POINT ( 'NONE', #2010 ) ;
#2174 = DIRECTION ( 'NONE',  ( 0.000000000000000000, 0.000000000000000000, -1.000000000000000000 ) ) ;
#2175 = EDGE_CURVE ( 'NONE', #767, #1411, #1199, .T. ) ;
#2176 = EDGE_LOOP ( 'NONE', ( #1639, #2411, #785, #2022 ) ) ;
#2177 = AXIS2_PLACEMENT_3D ( 'NONE', #438, #240, #648 ) ;
#2178 = AXIS2_PLACEMENT_3D ( 'NONE', #1982, #563, #444 ) ;
#2179 = FACE_OUTER_BOUND ( 'NONE', #1534, .T. ) ;
#2180 = FACE_OUTER_BOUND ( 'NONE', #1571, .T. ) ;
#2181 = AXIS2_PLACEMENT_3D ( 'NONE', #1538, #2323, #1163 ) ;
#2182 = ORIENTED_EDGE ( 'NONE', *, *, #2422, .T. ) ;
#2183 = CARTESIAN_POINT ( 'NONE',  ( -133.0211380371834196, -53.80990642767815757, 0.000000000000000000 ) ) ;
#2184 = CARTESIAN_POINT ( 'NONE',  ( 10.10053276339293760, -51.40770792073848838, 0.000000000000000000 ) ) ;
#2185 = AXIS2_PLACEMENT_3D ( 'NONE', #113, #751, #1526 ) ;
#2186 = EDGE_CURVE ( 'NONE', #1682, #2045, #1350, .T. ) ;
#2187 = CARTESIAN_POINT ( 'NONE',  ( -131.5211380371834196, 61.89009357232187369, 1.500000000000000000 ) ) ;
#2188 = ORIENTED_EDGE ( 'NONE', *, *, #69, .T. ) ;
#2189 = ORIENTED_EDGE ( 'NONE', *, *, #275, .F. ) ;
#2190 = DIRECTION ( 'NONE',  ( -0.000000000000000000, -0.000000000000000000, -1.000000000000000000 ) ) ;
#2191 = ORIENTED_EDGE ( 'NONE', *, *, #498, .F. ) ;
#2192 = DIRECTION ( 'NONE',  ( -0.9848077530122084644, 0.1736481776669283883, 0.000000000000000000 ) ) ;
#2193 = CARTESIAN_POINT ( 'NONE',  ( 46.65574405703641503, -51.78875288666932875, 1.500000000000000000 ) ) ;
#2194 = DIRECTION ( 'NONE',  ( 0.000000000000000000, 0.000000000000000000, -1.000000000000000000 ) ) ;
#2195 = PLANE ( 'NONE',  #757 ) ;
#2196 = CARTESIAN_POINT ( 'NONE',  ( 13.12409353918048538, -24.22445043332088943, 0.000000000000000000 ) ) ;
#2197 = ORIENTED_EDGE ( 'NONE', *, *, #2381, .T. ) ;
#2198 = EDGE_LOOP ( 'NONE', ( #564, #1992, #1484, #2061 ) ) ;
#2199 = VERTEX_POINT ( 'NONE', #1997 ) ;
#2200 = CARTESIAN_POINT ( 'NONE',  ( -51.02113803718341956, 27.22404157232187316, 1.499999999999999556 ) ) ;
#2201 = DIRECTION ( 'NONE',  ( -0.000000000000000000, -0.000000000000000000, -1.000000000000000000 ) ) ;
#2202 = VERTEX_POINT ( 'NONE', #991 ) ;
#2203 = CARTESIAN_POINT ( 'NONE',  ( -52.02113803718341956, 27.22404157232187316, 1.499999999999999556 ) ) ;
#2204 = EDGE_CURVE ( 'NONE', #169, #1786, #342, .T. ) ;
#2205 = DIRECTION ( 'NONE',  ( -0.000000000000000000, -0.000000000000000000, 1.000000000000000000 ) ) ;
#2206 = CARTESIAN_POINT ( 'NONE',  ( -18.90565567397972657, -59.90976978132438546, 0.000000000000000000 ) ) ;
#2207 = VERTEX_POINT ( 'NONE', #1032 ) ;
#2208 = AXIS2_PLACEMENT_3D ( 'NONE', #1876, #2042, #2265 ) ;
#2209 = ORIENTED_EDGE ( 'NONE', *, *, #1013, .F. ) ;
#2210 = AXIS2_PLACEMENT_3D ( 'NONE', #652, #1677, #455 ) ;
#2211 = EDGE_LOOP ( 'NONE', ( #812, #201, #707, #1443 ) ) ;
#2212 = CIRCLE ( 'NONE', #1173, 1.500000000000001332 ) ;
#2213 = ADVANCED_FACE ( 'NONE', ( #1828 ), #1142, .F. ) ;
#2214 = DIRECTION ( 'NONE',  ( -0.000000000000000000, -0.000000000000000000, -1.000000000000000000 ) ) ;
#2215 = CARTESIAN_POINT ( 'NONE',  ( -120.2945175446283201, 54.34710719883609187, 1.000000000000000000 ) ) ;
#2216 = VECTOR ( 'NONE', #633, 1000.000000000000000 ) ;
#2217 = AXIS2_PLACEMENT_3D ( 'NONE', #690, #2488, #1229 ) ;
#2218 = CIRCLE ( 'NONE', #1971, 1.000000000000000888 ) ;
#2219 = VERTEX_POINT ( 'NONE', #2193 ) ;
#2220 = CARTESIAN_POINT ( 'NONE',  ( 35.74491396281656819, -52.25990642767809646, 0.000000000000000000 ) ) ;
#2221 = DIRECTION ( 'NONE',  ( -1.000000000000000000, 0.000000000000000000, 0.000000000000000000 ) ) ;
#2222 = AXIS2_PLACEMENT_3D ( 'NONE', #1831, #2001, #583 ) ;
#2223 = ADVANCED_FACE ( 'NONE', ( #2180 ), #2272, .F. ) ;
#2224 = AXIS2_PLACEMENT_3D ( 'NONE', #2461, #2071, #274 ) ;
#2225 = DIRECTION ( 'NONE',  ( 1.000000000000000000, 0.000000000000000000, -0.000000000000000000 ) ) ;
#2226 = EDGE_LOOP ( 'NONE', ( #1081, #2587 ) ) ;
#2227 = VECTOR ( 'NONE', #2275, 1000.000000000000000 ) ;
#2228 = ORIENTED_EDGE ( 'NONE', *, *, #1872, .F. ) ;
#2229 = ORIENTED_EDGE ( 'NONE', *, *, #2204, .T. ) ;
#2230 = CARTESIAN_POINT ( 'NONE',  ( -109.2211380371834224, -18.97595842767810836, 10.00000000000000000 ) ) ;
#2231 = CARTESIAN_POINT ( 'NONE',  ( -133.0211380371834480, 63.39009357232186659, 0.000000000000000000 ) ) ;
#2232 = FACE_OUTER_BOUND ( 'NONE', #1021, .T. ) ;
#2233 = EDGE_CURVE ( 'NONE', #1411, #535, #15, .T. ) ;
#2234 = VERTEX_POINT ( 'NONE', #816 ) ;
#2235 = DIRECTION ( 'NONE',  ( 0.000000000000000000, 0.000000000000000000, 1.000000000000000000 ) ) ;
#2236 = FACE_OUTER_BOUND ( 'NONE', #285, .T. ) ;
#2237 = FACE_OUTER_BOUND ( 'NONE', #2484, .T. ) ;
#2238 = DIRECTION ( 'NONE',  ( -0.000000000000000000, -0.000000000000000000, -1.000000000000000000 ) ) ;
#2239 = VERTEX_POINT ( 'NONE', #608 ) ;
#2240 = ORIENTED_EDGE ( 'NONE', *, *, #1781, .F. ) ;
#2241 = EDGE_CURVE ( 'NONE', #2559, #1805, #2144, .T. ) ;
#2242 = VERTEX_POINT ( 'NONE', #2403 ) ;
#2243 = EDGE_CURVE ( 'NONE', #1805, #2559, #892, .T. ) ;
#2244 = FILL_AREA_STYLE ('',( #1445 ) ) ;
#2245 = CARTESIAN_POINT ( 'NONE',  ( -2.021138037183429326, -32.00990642767810357, 1.499999999999999556 ) ) ;
#2246 = CARTESIAN_POINT ( 'NONE',  ( 2.697702870815915421, 51.46008709731700037, 1.000000000000000000 ) ) ;
#2247 = ORIENTED_EDGE ( 'NONE', *, *, #2329, .F. ) ;
#2248 = DIRECTION ( 'NONE',  ( -1.000000000000000000, 0.000000000000000000, 0.000000000000000000 ) ) ;
#2249 = DIRECTION ( 'NONE',  ( -0.000000000000000000, -0.000000000000000000, -1.000000000000000000 ) ) ;
#2250 = DIRECTION ( 'NONE',  ( -0.000000000000000000, -0.000000000000000000, -1.000000000000000000 ) ) ;
#2251 = CARTESIAN_POINT ( 'NONE',  ( 11.27885684433416102, 61.89009357232188080, 1.500000000000000000 ) ) ;
#2252 = EDGE_LOOP ( 'NONE', ( #448, #1853 ) ) ;
#2253 = EDGE_LOOP ( 'NONE', ( #2007, #2536 ) ) ;
#2254 = ORIENTED_EDGE ( 'NONE', *, *, #2581, .F. ) ;
#2255 = EDGE_CURVE ( 'NONE', #60, #2399, #214, .T. ) ;
#2256 = DIRECTION ( 'NONE',  ( -1.000000000000000000, -6.952956280724761381E-17, 0.000000000000000000 ) ) ;
#2257 = CARTESIAN_POINT ( 'NONE',  ( 27.75135478318943072, -84.53211559503242256, 1.500000000000000000 ) ) ;
#2258 = DIRECTION ( 'NONE',  ( -1.000000000000000000, 0.000000000000000000, 0.000000000000000000 ) ) ;
#2259 = AXIS2_PLACEMENT_3D ( 'NONE', #557, #1332, #912 ) ;
#2260 = VERTEX_POINT ( 'NONE', #2413 ) ;
#2261 = CIRCLE ( 'NONE', #1468, 4.150000000000000355 ) ;
#2262 = CARTESIAN_POINT ( 'NONE',  ( -12.00508603718342115, -60.25990642767807515, 1.499999999999999556 ) ) ;
#2263 = LINE ( 'NONE', #2494, #593 ) ;
#2264 = VECTOR ( 'NONE', #646, 999.9999999999998863 ) ;
#2265 = DIRECTION ( 'NONE',  ( -1.000000000000000000, 0.000000000000000000, 0.000000000000000000 ) ) ;
#2266 = CARTESIAN_POINT ( 'NONE',  ( -131.5211380371833911, -53.80990642767815757, 1.500000000000000000 ) ) ;
#2267 = CONICAL_SURFACE ( 'NONE', #508, 2.200000000000000622, 0.7853981633974487231 ) ;
#2268 = ADVANCED_FACE ( 'NONE', ( #617 ), #1417, .F. ) ;
#2269 = VECTOR ( 'NONE', #1397, 1000.000000000000000 ) ;
#2270 = ORIENTED_EDGE ( 'NONE', *, *, #558, .F. ) ;
#2271 = ORIENTED_EDGE ( 'NONE', *, *, #62, .T. ) ;
#2272 = CONICAL_SURFACE ( 'NONE', #1432, 2.199999999999979750, 0.7853981633974441712 ) ;
#2273 = DIRECTION ( 'NONE',  ( -1.000000000000000000, 0.000000000000000000, 0.000000000000000000 ) ) ;
#2274 = LINE ( 'NONE', #1881, #640 ) ;
#2275 = DIRECTION ( 'NONE',  ( -0.000000000000000000, -0.000000000000000000, 1.000000000000000000 ) ) ;
#2276 = ORIENTED_EDGE ( 'NONE', *, *, #100, .T. ) ;
#2277 = DIRECTION ( 'NONE',  ( 0.000000000000000000, 0.000000000000000000, 1.000000000000000000 ) ) ;
#2278 = FACE_OUTER_BOUND ( 'NONE', #1205, .T. ) ;
#2279 = CARTESIAN_POINT ( 'NONE',  ( 23.97886196281656623, -73.25990642767810357, 10.00000000000000000 ) ) ;
#2280 = CARTESIAN_POINT ( 'NONE',  ( 21.97886196281656623, -73.25990642767810357, 1.499999999999999556 ) ) ;
#2281 = ORIENTED_EDGE ( 'NONE', *, *, #442, .F. ) ;
#2282 = ORIENTED_EDGE ( 'NONE', *, *, #2186, .F. ) ;
#2283 = CARTESIAN_POINT ( 'NONE',  ( -126.1251964911650418, -42.76396488165973153, 0.000000000000000000 ) ) ;
#2284 = CARTESIAN_POINT ( 'NONE',  ( 2.697702870815915421, 51.46008709731700037, 2.500000000000000000 ) ) ;
#2285 = DIRECTION ( 'NONE',  ( -1.000000000000000000, 0.000000000000000000, 0.000000000000000000 ) ) ;
#2286 = CARTESIAN_POINT ( 'NONE',  ( -18.72473353633744964, -58.88370935134737749, 1.500000000000000000 ) ) ;
#2287 = EDGE_CURVE ( 'NONE', #1454, #225, #76, .T. ) ;
#2288 = CARTESIAN_POINT ( 'NONE',  ( 14.25053276339293973, -51.40770792073848838, 0.000000000000000000 ) ) ;
#2289 = EDGE_CURVE ( 'NONE', #1967, #97, #1285, .T. ) ;
#2290 = DIRECTION ( 'NONE',  ( 0.000000000000000000, 0.000000000000000000, -1.000000000000000000 ) ) ;
#2291 = ORIENTED_EDGE ( 'NONE', *, *, #2103, .F. ) ;
#2292 = VERTEX_POINT ( 'NONE', #1295 ) ;
#2293 = DIRECTION ( 'NONE',  ( -1.000000000000000000, 0.000000000000000000, -0.000000000000000000 ) ) ;
#2294 = EDGE_CURVE ( 'NONE', #2498, #2454, #1436, .T. ) ;
#2295 = VECTOR ( 'NONE', #1193, 1000.000000000000000 ) ;
#2296 = CARTESIAN_POINT ( 'NONE',  ( 26.45231667751276916, -83.78211559503243677, 1.500000000000000000 ) ) ;
#2297 = CYLINDRICAL_SURFACE ( 'NONE', #263, 2.999999999999999112 ) ;
#2298 = CIRCLE ( 'NONE', #2474, 1.000000000000001776 ) ;
#2299 = FACE_OUTER_BOUND ( 'NONE', #1483, .T. ) ;
#2300 = CARTESIAN_POINT ( 'NONE',  ( -51.02113803718341245, -28.75990642767811067, 0.000000000000000000 ) ) ;
#2301 = CIRCLE ( 'NONE', #1010, 2.200000000000000622 ) ;
#2302 = PRODUCT_RELATED_PRODUCT_CATEGORY ( 'part', '', ( #799 ) ) ;
#2303 = ADVANCED_FACE ( 'NONE', ( #2458 ), #65, .F. ) ;
#2304 = CIRCLE ( 'NONE', #2058, 1.000000000000000888 ) ;
#2305 = AXIS2_PLACEMENT_3D ( 'NONE', #904, #2059, #265 ) ;
#2306 = ORIENTED_EDGE ( 'NONE', *, *, #1783, .T. ) ;
#2307 = ORIENTED_EDGE ( 'NONE', *, *, #2519, .T. ) ;
#2308 = AXIS2_PLACEMENT_3D ( 'NONE', #1288, #2094, #1048 ) ;
#2309 = FACE_OUTER_BOUND ( 'NONE', #1471, .T. ) ;
#2310 = CYLINDRICAL_SURFACE ( 'NONE', #49, 4.150000000000001243 ) ;
#2311 = LINE ( 'NONE', #1909, #584 ) ;
#2312 = LINE ( 'NONE', #1160, #2394 ) ;
#2313 = CYLINDRICAL_SURFACE ( 'NONE', #1259, 5.000000000000018652 ) ;
#2314 = FACE_OUTER_BOUND ( 'NONE', #2421, .T. ) ;
#2315 = DIRECTION ( 'NONE',  ( 0.000000000000000000, 0.000000000000000000, -1.000000000000000000 ) ) ;
#2316 = EDGE_LOOP ( 'NONE', ( #654, #1697, #787, #779 ) ) ;
#2317 = VERTEX_POINT ( 'NONE', #1670 ) ;
#2318 = FACE_BOUND ( 'NONE', #1364, .T. ) ;
#2319 = EDGE_CURVE ( 'NONE', #708, #1392, #973, .T. ) ;
#2320 = CARTESIAN_POINT ( 'NONE',  ( -128.7211380371834366, 51.25614557232186996, 0.000000000000000000 ) ) ;
#2321 = DIRECTION ( 'NONE',  ( -0.000000000000000000, -0.000000000000000000, -1.000000000000000000 ) ) ;
#2322 = CARTESIAN_POINT ( 'NONE',  ( 14.25053276339293973, -51.40770792073848838, 1.000000000000000000 ) ) ;
#2323 = DIRECTION ( 'NONE',  ( 0.9396926207859075397, -0.3420201433256710999, 0.000000000000000000 ) ) ;
#2324 = ADVANCED_FACE ( 'NONE', ( #2232 ), #1074, .F. ) ;
#2325 = CARTESIAN_POINT ( 'NONE',  ( 27.00135478318942006, -85.83115370070909478, 1.500000000000000000 ) ) ;
#2326 = ORIENTED_EDGE ( 'NONE', *, *, #1290, .F. ) ;
#2327 = ORIENTED_EDGE ( 'NONE', *, *, #2077, .T. ) ;
#2328 = DIRECTION ( 'NONE',  ( -1.000000000000000000, 0.000000000000000000, 0.000000000000000000 ) ) ;
#2329 = EDGE_CURVE ( 'NONE', #2260, #446, #2430, .T. ) ;
#2330 = LINE ( 'NONE', #1321, #2554 ) ;
#2331 = DIRECTION ( 'NONE',  ( 1.000000000000000000, 9.518373316193909607E-17, 0.000000000000000000 ) ) ;
#2332 = CIRCLE ( 'NONE', #746, 4.150000000000001243 ) ;
#2333 = EDGE_CURVE ( 'NONE', #251, #97, #1898, .T. ) ;
#2334 = AXIS2_PLACEMENT_3D ( 'NONE', #569, #2194, #428 ) ;
#2335 = CARTESIAN_POINT ( 'NONE',  ( -33.48585435481292194, -53.80990642767815046, 0.000000000000000000 ) ) ;
#2336 = CARTESIAN_POINT ( 'NONE',  ( -1.021138037183427771, 57.99009357232187511, 1.199999999999997513 ) ) ;
#2337 = CIRCLE ( 'NONE', #297, 1.000000000000000888 ) ;
#2338 = DIRECTION ( 'NONE',  ( -0.000000000000000000, -0.000000000000000000, -1.000000000000000000 ) ) ;
#2339 = AXIS2_PLACEMENT_3D ( 'NONE', #566, #990, #385 ) ;
#2340 = EDGE_LOOP ( 'NONE', ( #308, #1655, #2383, #2475 ) ) ;
#2341 = EDGE_CURVE ( 'NONE', #581, #1786, #1475, .T. ) ;
#2342 = VECTOR ( 'NONE', #1943, 1000.000000000000000 ) ;
#2343 = AXIS2_PLACEMENT_3D ( 'NONE', #323, #1125, #570 ) ;
#2344 = ORIENTED_EDGE ( 'NONE', *, *, #939, .F. ) ;
#2345 = FACE_OUTER_BOUND ( 'NONE', #1799, .T. ) ;
#2346 = VECTOR ( 'NONE', #519, 1000.000000000000000 ) ;
#2347 = CARTESIAN_POINT ( 'NONE',  ( -48.82113803718340961, -28.75990642767811067, 0.000000000000000000 ) ) ;
#2348 = DIRECTION ( 'NONE',  ( -1.000000000000000000, 0.000000000000000000, 0.000000000000000000 ) ) ;
#2349 = EDGE_CURVE ( 'NONE', #1033, #2219, #2080, .T. ) ;
#2350 = AXIS2_PLACEMENT_3D ( 'NONE', #1241, #87, #885 ) ;
#2351 = DIRECTION ( 'NONE',  ( -0.000000000000000000, -0.000000000000000000, 1.000000000000000000 ) ) ;
#2352 = DIRECTION ( 'NONE',  ( -0.000000000000000000, -0.000000000000000000, -1.000000000000000000 ) ) ;
#2353 = EDGE_CURVE ( 'NONE', #1814, #1893, #2068, .T. ) ;
#2354 = CARTESIAN_POINT ( 'NONE',  ( -131.5211380371834196, 61.89009357232187369, 0.000000000000000000 ) ) ;
#2355 = EDGE_LOOP ( 'NONE', ( #380, #2374, #427, #597 ) ) ;
#2356 = EDGE_LOOP ( 'NONE', ( #2062, #327, #1183, #2197, #1225, #405, #324, #280, #1975, #854, #1717, #2162, #986, #745, #835, #1190, #131, #1027, #1719, #880, #1939, #2081, #534 ) ) ;
#2357 = FACE_OUTER_BOUND ( 'NONE', #981, .T. ) ;
#2358 = EDGE_LOOP ( 'NONE', ( #1351, #144, #513, #2326 ) ) ;
#2359 = DIRECTION ( 'NONE',  ( -0.000000000000000000, -0.000000000000000000, -1.000000000000000000 ) ) ;
#2360 = CARTESIAN_POINT ( 'NONE',  ( 12.77885684433417701, -23.56849087371951157, 1.500000000000000000 ) ) ;
#2361 = ORIENTED_EDGE ( 'NONE', *, *, #2491, .T. ) ;
#2362 = PLANE ( 'NONE',  #2334 ) ;
#2363 = LINE ( 'NONE', #928, #1223 ) ;
#2364 = EDGE_CURVE ( 'NONE', #535, #1399, #1043, .T. ) ;
#2365 = EDGE_CURVE ( 'NONE', #1967, #2199, #844, .T. ) ;
#2366 = EDGE_LOOP ( 'NONE', ( #920, #2122, #2370, #1983, #1952, #246, #1248, #1579, #20, #1772, #2270, #2188, #1779, #728, #688, #230, #883, #210, #1785, #1390, #512, #1612, #1867 ) ) ;
#2367 = ORIENTED_EDGE ( 'NONE', *, *, #490, .F. ) ;
#2368 = ORIENTED_EDGE ( 'NONE', *, *, #1946, .T. ) ;
#2369 = CARTESIAN_POINT ( 'NONE',  ( -116.1445175446283145, 54.34710719883609187, 1.000000000000000000 ) ) ;
#2370 = ORIENTED_EDGE ( 'NONE', *, *, #2329, .T. ) ;
#2371 = CARTESIAN_POINT ( 'NONE',  ( -53.22113803718340819, -28.75990642767811067, 0.000000000000000000 ) ) ;
#2372 = DIRECTION ( 'NONE',  ( -1.000000000000000000, 0.000000000000000000, 0.000000000000000000 ) ) ;
#2373 = ADVANCED_FACE ( 'NONE', ( #481 ), #662, .F. ) ;
#2374 = ORIENTED_EDGE ( 'NONE', *, *, #1028, .F. ) ;
#2375 = DIRECTION ( 'NONE',  ( -0.000000000000000000, -0.000000000000000000, -1.000000000000000000 ) ) ;
#2376 = CARTESIAN_POINT ( 'NONE',  ( 18.01775855917952285, -33.52255344286417227, 1.500000000000000000 ) ) ;
#2377 = CIRCLE ( 'NONE', #2092, 5.000000000000004441 ) ;
#2378 = DIRECTION ( 'NONE',  ( 0.7071067811865479058, 8.659560562354937789E-17, -0.7071067811865472397 ) ) ;
#2379 = VERTEX_POINT ( 'NONE', #886 ) ;
#2380 = AXIS2_PLACEMENT_3D ( 'NONE', #1022, #1215, #1819 ) ;
#2381 = EDGE_CURVE ( 'NONE', #195, #1441, #271, .T. ) ;
#2382 = CONICAL_SURFACE ( 'NONE', #1053, 2.200000000000000622, 0.7853981633974487231 ) ;
#2383 = ORIENTED_EDGE ( 'NONE', *, *, #600, .T. ) ;
#2384 = PLANE ( 'NONE',  #1270 ) ;
#2385 = ORIENTED_EDGE ( 'NONE', *, *, #1373, .T. ) ;
#2386 = VECTOR ( 'NONE', #1060, 1000.000000000000000 ) ;
#2387 = CIRCLE ( 'NONE', #2178, 2.999999999999999112 ) ;
#2388 = CARTESIAN_POINT ( 'NONE',  ( -12.00508603718342115, -60.25990642767807515, 0.000000000000000000 ) ) ;
#2389 = FACE_OUTER_BOUND ( 'NONE', #663, .T. ) ;
#2390 = AXIS2_PLACEMENT_3D ( 'NONE', #1480, #1490, #1673 ) ;
#2391 = EDGE_LOOP ( 'NONE', ( #1327, #489, #272, #393 ) ) ;
#2392 = DIRECTION ( 'NONE',  ( -0.000000000000000000, -0.000000000000000000, -1.000000000000000000 ) ) ;
#2393 = CARTESIAN_POINT ( 'NONE',  ( -9.805086037183420089, -60.25990642767807515, 0.000000000000000000 ) ) ;
#2394 = VECTOR ( 'NONE', #730, 999.9999999999998863 ) ;
#2395 = DIRECTION ( 'NONE',  ( 0.000000000000000000, 0.000000000000000000, -1.000000000000000000 ) ) ;
#2396 = ORIENTED_EDGE ( 'NONE', *, *, #850, .T. ) ;
#2397 = VERTEX_POINT ( 'NONE', #255 ) ;
#2398 = CYLINDRICAL_SURFACE ( 'NONE', #337, 2.999999999999999112 ) ;
#2399 = VERTEX_POINT ( 'NONE', #1083 ) ;
#2400 = EDGE_CURVE ( 'NONE', #325, #2459, #302, .T. ) ;
#2401 = EDGE_CURVE ( 'NONE', #1194, #776, #2441, .T. ) ;
#2402 = CARTESIAN_POINT ( 'NONE',  ( -108.2211380371834224, -18.97595842767810836, 1.199999999999994404 ) ) ;
#2403 = CARTESIAN_POINT ( 'NONE',  ( -50.02113803718341245, 27.22404157232187316, 1.200000000000001510 ) ) ;
#2404 = ORIENTED_EDGE ( 'NONE', *, *, #1024, .F. ) ;
#2405 = CYLINDRICAL_SURFACE ( 'NONE', #2380, 4.999999999999998224 ) ;
#2406 = DIRECTION ( 'NONE',  ( -1.000000000000000000, 0.000000000000000000, 0.000000000000000000 ) ) ;
#2407 = LINE ( 'NONE', #233, #2295 ) ;
#2408 = ORIENTED_EDGE ( 'NONE', *, *, #2255, .T. ) ;
#2409 = EDGE_CURVE ( 'NONE', #1928, #2052, #1722, .T. ) ;
#2410 = VERTEX_POINT ( 'NONE', #2283 ) ;
#2411 = ORIENTED_EDGE ( 'NONE', *, *, #939, .T. ) ;
#2412 = CARTESIAN_POINT ( 'NONE',  ( -116.9751964911650504, -42.76396488165973153, 2.500000000000000000 ) ) ;
#2413 = CARTESIAN_POINT ( 'NONE',  ( -19.55143728065714726, -62.21302110569511967, 0.000000000000000000 ) ) ;
#2414 = ADVANCED_FACE ( 'NONE', ( #282 ), #1627, .T. ) ;
#2415 = ORIENTED_EDGE ( 'NONE', *, *, #447, .F. ) ;
#2416 = CARTESIAN_POINT ( 'NONE',  ( 36.74491396281656819, -52.25990642767809646, 1.200000000000001510 ) ) ;
#2417 = DIRECTION ( 'NONE',  ( -0.000000000000000000, -0.000000000000000000, -1.000000000000000000 ) ) ;
#2418 = CARTESIAN_POINT ( 'NONE',  ( -0.02113803718342601584, 57.99009357232187511, 10.00000000000000000 ) ) ;
#2419 = ORIENTED_EDGE ( 'NONE', *, *, #141, .T. ) ;
#2420 = AXIS2_PLACEMENT_3D ( 'NONE', #1037, #783, #2225 ) ;
#2421 = EDGE_LOOP ( 'NONE', ( #2191, #1904, #817, #992 ) ) ;
#2422 = EDGE_CURVE ( 'NONE', #410, #2089, #968, .T. ) ;
#2423 = CIRCLE ( 'NONE', #1923, 4.150000000000001243 ) ;
#2424 = ORIENTED_EDGE ( 'NONE', *, *, #114, .T. ) ;
#2425 = AXIS2_PLACEMENT_3D ( 'NONE', #2262, #299, #1102 ) ;
#2426 = CARTESIAN_POINT ( 'NONE',  ( -120.2945175446283201, 54.34710719883609187, 2.500000000000000000 ) ) ;
#2427 = CARTESIAN_POINT ( 'NONE',  ( -107.2211380371834224, -18.97595842767810836, 1.199999999999994404 ) ) ;
#2428 = DIRECTION ( 'NONE',  ( -0.000000000000000000, -0.000000000000000000, -1.000000000000000000 ) ) ;
#2429 = CONICAL_SURFACE ( 'NONE', #1890, 2.199999999999993516, 0.7853981633974487231 ) ;
#2430 = CIRCLE ( 'NONE', #2177, 2.999999999999999112 ) ;
#2431 = AXIS2_PLACEMENT_3D ( 'NONE', #2300, #1912, #116 ) ;
#2432 = EDGE_LOOP ( 'NONE', ( #234, #2579 ) ) ;
#2433 = DIRECTION ( 'NONE',  ( -1.000000000000000000, 0.000000000000000000, 0.000000000000000000 ) ) ;
#2434 = EDGE_CURVE ( 'NONE', #446, #1243, #2067, .T. ) ;
#2435 = CARTESIAN_POINT ( 'NONE',  ( -2.302297129184083246, 51.46008709731700037, 2.500000000000000000 ) ) ;
#2436 = VECTOR ( 'NONE', #1035, 999.9999999999998863 ) ;
#2437 = AXIS2_PLACEMENT_3D ( 'NONE', #2529, #2125, #332 ) ;
#2438 = CARTESIAN_POINT ( 'NONE',  ( -2.302297129184083246, 51.46008709731700037, 1.500000000000000000 ) ) ;
#2439 = EDGE_CURVE ( 'NONE', #609, #2173, #1435, .T. ) ;
#2440 = VERTEX_POINT ( 'NONE', #1073 ) ;
#2441 = CIRCLE ( 'NONE', #1771, 4.999999999999997335 ) ;
#2442 = ORIENTED_EDGE ( 'NONE', *, *, #2084, .F. ) ;
#2443 = EDGE_LOOP ( 'NONE', ( #1231, #2044, #550, #1530 ) ) ;
#2444 = DIRECTION ( 'NONE',  ( -0.000000000000000000, -0.000000000000000000, -1.000000000000000000 ) ) ;
#2445 = CARTESIAN_POINT ( 'NONE',  ( 14.25053276339293973, -51.40770792073848838, 1.500000000000000000 ) ) ;
#2446 = DIRECTION ( 'NONE',  ( -0.000000000000000000, -0.000000000000000000, -1.000000000000000000 ) ) ;
#2447 = ORIENTED_EDGE ( 'NONE', *, *, #543, .F. ) ;
#2448 = LINE ( 'NONE', #1900, #45 ) ;
#2449 = DIRECTION ( 'NONE',  ( 0.7071067811865479058, 8.659560562354937789E-17, -0.7071067811865472397 ) ) ;
#2450 = LINE ( 'NONE', #1888, #876 ) ;
#2451 = FACE_BOUND ( 'NONE', #643, .T. ) ;
#2452 = VERTEX_POINT ( 'NONE', #1059 ) ;
#2453 = EDGE_CURVE ( 'NONE', #1759, #1033, #1857, .T. ) ;
#2454 = VERTEX_POINT ( 'NONE', #228 ) ;
#2455 = ORIENTED_EDGE ( 'NONE', *, *, #1203, .T. ) ;
#2456 = LINE ( 'NONE', #463, #504 ) ;
#2457 = DIRECTION ( 'NONE',  ( -0.000000000000000000, -0.000000000000000000, -1.000000000000000000 ) ) ;
#2458 = FACE_OUTER_BOUND ( 'NONE', #2316, .T. ) ;
#2459 = VERTEX_POINT ( 'NONE', #870 ) ;
#2460 = DIRECTION ( 'NONE',  ( 1.000000000000000000, 0.000000000000000000, 0.000000000000000000 ) ) ;
#2461 = CARTESIAN_POINT ( 'NONE',  ( -126.5211380371834622, 51.25614557232186996, 0.000000000000000000 ) ) ;
#2462 = EDGE_CURVE ( 'NONE', #2113, #182, #1098, .T. ) ;
#2463 = CARTESIAN_POINT ( 'NONE',  ( 22.97886196281656623, -73.25990642767810357, 1.499999999999999556 ) ) ;
#2464 = CARTESIAN_POINT ( 'NONE',  ( 9.250532763392937952, -51.40770792073848838, 1.500000000000000000 ) ) ;
#2465 = ORIENTED_EDGE ( 'NONE', *, *, #1993, .T. ) ;
#2466 = ORIENTED_EDGE ( 'NONE', *, *, #2333, .T. ) ;
#2467 = EDGE_CURVE ( 'NONE', #628, #292, #2304, .T. ) ;
#2468 = ORIENTED_EDGE ( 'NONE', *, *, #2160, .T. ) ;
#2469 = VECTOR ( 'NONE', #1299, 999.9999999999998863 ) ;
#2470 = CONICAL_SURFACE ( 'NONE', #1337, 2.200000000000000622, 0.7853981633974487231 ) ;
#2471 = PLANE ( 'NONE',  #2476 ) ;
#2472 = DIRECTION ( 'NONE',  ( -0.000000000000000000, -0.000000000000000000, -1.000000000000000000 ) ) ;
#2473 = DIRECTION ( 'NONE',  ( 1.000000000000000000, 2.368223175394957977E-16, -0.000000000000000000 ) ) ;
#2474 = AXIS2_PLACEMENT_3D ( 'NONE', #122, #1525, #540 ) ;
#2475 = ORIENTED_EDGE ( 'NONE', *, *, #574, .T. ) ;
#2476 = AXIS2_PLACEMENT_3D ( 'NONE', #857, #1656, #2256 ) ;
#2477 = DIRECTION ( 'NONE',  ( -0.000000000000000000, -0.000000000000000000, -1.000000000000000000 ) ) ;
#2478 = CARTESIAN_POINT ( 'NONE',  ( -9.805086037183420089, -60.25990642767807515, 0.000000000000000000 ) ) ;
#2479 = CIRCLE ( 'NONE', #2099, 1.000000000000000888 ) ;
#2480 = DIRECTION ( 'NONE',  ( 0.4657409620533546346, -0.8849211017178965077, 0.000000000000000000 ) ) ;
#2481 = FACE_BOUND ( 'NONE', #1222, .T. ) ;
#2482 = AXIS2_PLACEMENT_3D ( 'NONE', #1966, #775, #196 ) ;
#2483 = VECTOR ( 'NONE', #2352, 1000.000000000000000 ) ;
#2484 = EDGE_LOOP ( 'NONE', ( #800, #1559, #1960, #2035 ) ) ;
#2485 = ORIENTED_EDGE ( 'NONE', *, *, #852, .T. ) ;
#2486 = AXIS2_PLACEMENT_3D ( 'NONE', #2154, #1331, #1910 ) ;
#2487 = SURFACE_STYLE_FILL_AREA ( #2244 ) ;
#2488 = DIRECTION ( 'NONE',  ( 0.000000000000000000, 0.000000000000000000, -1.000000000000000000 ) ) ;
#2489 = DIRECTION ( 'NONE',  ( -0.000000000000000000, -0.000000000000000000, -1.000000000000000000 ) ) ;
#2490 = EDGE_CURVE ( 'NONE', #1893, #609, #925, .T. ) ;
#2491 = EDGE_CURVE ( 'NONE', #2399, #767, #1657, .T. ) ;
#2492 = VERTEX_POINT ( 'NONE', #1272 ) ;
#2493 = CARTESIAN_POINT ( 'NONE',  ( -51.02113803718341956, 27.22404157232187316, 1.200000000000001510 ) ) ;
#2494 = CARTESIAN_POINT ( 'NONE',  ( -125.5211380371834480, 51.25614557232186996, 10.00000000000000000 ) ) ;
#2495 = PLANE ( 'NONE',  #1625 ) ;
#2496 = DIRECTION ( 'NONE',  ( -1.000000000000000000, 0.000000000000000000, 0.000000000000000000 ) ) ;
#2497 = VERTEX_POINT ( 'NONE', #2257 ) ;
#2498 = VERTEX_POINT ( 'NONE', #2427 ) ;
#2499 = EDGE_CURVE ( 'NONE', #670, #575, #630, .T. ) ;
#2500 = DIRECTION ( 'NONE',  ( -0.000000000000000000, -0.000000000000000000, -1.000000000000000000 ) ) ;
#2501 = CARTESIAN_POINT ( 'NONE',  ( -120.2945175446283201, 54.34710719883609187, 1.000000000000000000 ) ) ;
#2502 = ORIENTED_EDGE ( 'NONE', *, *, #723, .F. ) ;
#2503 = DIRECTION ( 'NONE',  ( -0.000000000000000000, -0.000000000000000000, -1.000000000000000000 ) ) ;
#2504 = LINE ( 'NONE', #862, #511 ) ;
#2505 = EDGE_CURVE ( 'NONE', #2045, #417, #2274, .T. ) ;
#2506 = DIRECTION ( 'NONE',  ( -0.000000000000000000, -0.000000000000000000, -1.000000000000000000 ) ) ;
#2507 = CARTESIAN_POINT ( 'NONE',  ( 0.000000000000000000, 0.000000000000000000, 0.000000000000000000 ) ) ;
#2508 = EDGE_LOOP ( 'NONE', ( #1455, #452, #629, #1368 ) ) ;
#2509 = VERTEX_POINT ( 'NONE', #2245 ) ;
#2510 = DIRECTION ( 'NONE',  ( -1.000000000000000000, 0.000000000000000000, 0.000000000000000000 ) ) ;
#2511 = AXIS2_PLACEMENT_3D ( 'NONE', #2354, #2315, #524 ) ;
#2512 = DIRECTION ( 'NONE',  ( -0.000000000000000000, -0.000000000000000000, -1.000000000000000000 ) ) ;
#2513 = CARTESIAN_POINT ( 'NONE',  ( -1.021138037183427771, -32.00990642767810357, 1.199999999999997513 ) ) ;
#2514 = AXIS2_PLACEMENT_3D ( 'NONE', #1297, #2277, #2054 ) ;
#2515 = CIRCLE ( 'NONE', #1264, 2.200000000000000622 ) ;
#2516 = CYLINDRICAL_SURFACE ( 'NONE', #1674, 1.000000000000000888 ) ;
#2517 = CARTESIAN_POINT ( 'NONE',  ( -33.48585435481292194, -53.80990642767815046, 1.500000000000000000 ) ) ;
#2518 = COLOUR_RGB ( '',0.7921568627450980005, 0.8196078431372548767, 0.9333333333333333481 ) ;
#2519 = EDGE_CURVE ( 'NONE', #1399, #1532, #1284, .T. ) ;
#2520 = CIRCLE ( 'NONE', #631, 4.999999999999997335 ) ;
#2521 = DIRECTION ( 'NONE',  ( -1.000000000000000000, 0.000000000000000000, 0.000000000000000000 ) ) ;
#2522 = ORIENTED_EDGE ( 'NONE', *, *, #1781, .T. ) ;
#2523 = VECTOR ( 'NONE', #995, 999.9999999999998863 ) ;
#2524 = AXIS2_PLACEMENT_3D ( 'NONE', #2026, #1172, #176 ) ;
#2525 = DIRECTION ( 'NONE',  ( -0.000000000000000000, -0.000000000000000000, -1.000000000000000000 ) ) ;
#2526 = APPLICATION_PROTOCOL_DEFINITION ( 'draft international standard', 'automotive_design', 1998, #520 ) ;
#2527 = ORIENTED_EDGE ( 'NONE', *, *, #2462, .T. ) ;
#2528 = DIRECTION ( 'NONE',  ( -1.000000000000000000, 0.000000000000000000, 0.000000000000000000 ) ) ;
#2529 = CARTESIAN_POINT ( 'NONE',  ( 22.97886196281656623, -73.25990642767810357, 1.499999999999999556 ) ) ;
#2530 = EDGE_CURVE ( 'NONE', #1723, #1987, #2558, .T. ) ;
#2531 = LINE ( 'NONE', #531, #1004 ) ;
#2532 = CARTESIAN_POINT ( 'NONE',  ( -52.02113803718341956, 27.22404157232187316, 1.200000000000001510 ) ) ;
#2533 = EDGE_LOOP ( 'NONE', ( #637, #2005, #1961, #439 ) ) ;
#2534 = EDGE_LOOP ( 'NONE', ( #2561, #1195 ) ) ;
#2535 = EDGE_CURVE ( 'NONE', #1362, #1457, #1178, .T. ) ;
#2536 = ORIENTED_EDGE ( 'NONE', *, *, #247, .T. ) ;
#2537 = CARTESIAN_POINT ( 'NONE',  ( -126.5211380371834622, 51.25614557232186996, 10.00000000000000000 ) ) ;
#2538 = VERTEX_POINT ( 'NONE', #1042 ) ;
#2539 = DIRECTION ( 'NONE',  ( -1.000000000000000000, 0.000000000000000000, 0.000000000000000000 ) ) ;
#2540 = DIRECTION ( 'NONE',  ( -0.8660254037844387076, 0.5000000000000001110, 0.000000000000000000 ) ) ;
#2541 = CARTESIAN_POINT ( 'NONE',  ( 1.178861962816572406, -32.00990642767810357, 0.000000000000000000 ) ) ;
#2542 = DIRECTION ( 'NONE',  ( 0.000000000000000000, 0.000000000000000000, -1.000000000000000000 ) ) ;
#2543 = CARTESIAN_POINT ( 'NONE',  ( -2.021138037183429326, -32.00990642767810357, 10.00000000000000000 ) ) ;
#2544 = ORIENTED_EDGE ( 'NONE', *, *, #666, .T. ) ;
#2545 = VERTEX_POINT ( 'NONE', #47 ) ;
#2546 = CARTESIAN_POINT ( 'NONE',  ( -53.22113803718341529, 27.22404157232187316, 0.000000000000000000 ) ) ;
#2547 = DIRECTION ( 'NONE',  ( -1.000000000000000000, 0.000000000000000000, 0.000000000000000000 ) ) ;
#2548 = EDGE_CURVE ( 'NONE', #2234, #1851, #1512, .T. ) ;
#2549 = DIRECTION ( 'NONE',  ( -1.000000000000000000, 0.000000000000000000, 0.000000000000000000 ) ) ;
#2550 = DIRECTION ( 'NONE',  ( 9.518373316193909607E-17, -1.000000000000000000, 0.000000000000000000 ) ) ;
#2551 = CIRCLE ( 'NONE', #1465, 4.150000000000001243 ) ;
#2552 = CARTESIAN_POINT ( 'NONE',  ( -19.37051514301487387, -61.18696067571810460, 0.000000000000000000 ) ) ;
#2553 = CARTESIAN_POINT ( 'NONE',  ( -131.5211380371833911, -52.30990642767815046, 1.500000000000000000 ) ) ;
#2554 = VECTOR ( 'NONE', #1574, 1000.000000000000000 ) ;
#2555 = DIRECTION ( 'NONE',  ( -0.000000000000000000, -0.000000000000000000, -1.000000000000000000 ) ) ;
#2556 = CIRCLE ( 'NONE', #1423, 1.000000000000000888 ) ;
#2557 = ORIENTED_EDGE ( 'NONE', *, *, #573, .T. ) ;
#2558 = CIRCLE ( 'NONE', #2350, 2.200000000000000622 ) ;
#2559 = VERTEX_POINT ( 'NONE', #1253 ) ;
#2560 = CARTESIAN_POINT ( 'NONE',  ( 19.25053276339293973, -51.40770792073848838, 1.500000000000000000 ) ) ;
#2561 = ORIENTED_EDGE ( 'NONE', *, *, #1667, .T. ) ;
#2562 = AXIS2_PLACEMENT_3D ( 'NONE', #2215, #596, #2372 ) ;
#2563 = DIRECTION ( 'NONE',  ( -0.000000000000000000, -0.000000000000000000, -1.000000000000000000 ) ) ;
#2564 = CARTESIAN_POINT ( 'NONE',  ( -12.00508603718342115, -60.25990642767807515, 10.00000000000000000 ) ) ;
#2565 = ADVANCED_FACE ( 'NONE', ( #2048 ), #2310, .F. ) ;
#2566 =( GEOMETRIC_REPRESENTATION_CONTEXT ( 3 ) GLOBAL_UNCERTAINTY_ASSIGNED_CONTEXT ( ( #655 ) ) GLOBAL_UNIT_ASSIGNED_CONTEXT ( ( #919, #538, #1709 ) ) REPRESENTATION_CONTEXT ( 'NONE', 'WORKASPACE' ) );
#2567 = EDGE_CURVE ( 'NONE', #2459, #325, #1970, .T. ) ;
#2568 = ORIENTED_EDGE ( 'NONE', *, *, #2439, .F. ) ;
#2569 = DIRECTION ( 'NONE',  ( -0.000000000000000000, -0.000000000000000000, -1.000000000000000000 ) ) ;
#2570 = CARTESIAN_POINT ( 'NONE',  ( -52.02113803718341245, -28.75990642767811067, 1.499999999999999556 ) ) ;
#2571 = VERTEX_POINT ( 'NONE', #2139 ) ;
#2572 = ORIENTED_EDGE ( 'NONE', *, *, #1609, .T. ) ;
#2573 = ORIENTED_EDGE ( 'NONE', *, *, #1373, .F. ) ;
#2574 = EDGE_CURVE ( 'NONE', #2497, #1759, #1721, .T. ) ;
#2575 = CARTESIAN_POINT ( 'NONE',  ( -121.9751964911650646, -42.76396488165973153, 1.000000000000000000 ) ) ;
#2576 = ORIENTED_EDGE ( 'NONE', *, *, #1071, .T. ) ;
#2577 = DIRECTION ( 'NONE',  ( -0.000000000000000000, -0.000000000000000000, -1.000000000000000000 ) ) ;
#2578 = CARTESIAN_POINT ( 'NONE',  ( 5.566925133751427168, -73.45597997267998380, 1.500000000000000000 ) ) ;
#2579 = ORIENTED_EDGE ( 'NONE', *, *, #398, .F. ) ;
#2580 = DIRECTION ( 'NONE',  ( 1.000000000000000000, 0.000000000000000000, 0.000000000000000000 ) ) ;
#2581 = EDGE_CURVE ( 'NONE', #2454, #362, #1978, .T. ) ;
#2582 = DIRECTION ( 'NONE',  ( -0.5000000000000001110, -0.8660254037844387076, 0.000000000000000000 ) ) ;
#2583 = LINE ( 'NONE', #1597, #1920 ) ;
#2584 = ORIENTED_EDGE ( 'NONE', *, *, #206, .T. ) ;
#2585 = EDGE_LOOP ( 'NONE', ( #84, #1000, #2557, #364 ) ) ;
#2586 = CARTESIAN_POINT ( 'NONE',  ( -3.221138037183427727, -32.00990642767810357, 0.000000000000000000 ) ) ;
#2587 = ORIENTED_EDGE ( 'NONE', *, *, #2535, .F. ) ;
#2588 = DIRECTION ( 'NONE',  ( -1.000000000000000000, 0.000000000000000000, 0.000000000000000000 ) ) ;
#2589 = DIRECTION ( 'NONE',  ( -0.000000000000000000, -0.000000000000000000, -1.000000000000000000 ) ) ;
#2590 = ORIENTED_EDGE ( 'NONE', *, *, #866, .F. ) ;
#2591 = CARTESIAN_POINT ( 'NONE',  ( -16.55143728065714726, -62.21302110569511967, 1.500000000000000000 ) ) ;
#2592 = CARTESIAN_POINT ( 'NONE',  ( -126.9751964911650646, -42.76396488165973153, 1.500000000000000000 ) ) ;
#2593 = VECTOR ( 'NONE', #2338, 1000.000000000000000 ) ;
#2594 = VECTOR ( 'NONE', #1107, 1000.000000000000000 ) ;
ENDSEC;
END-ISO-10303-21;
